-- phpMyAdmin SQL Dump
-- version 4.2.7.1
-- http://www.phpmyadmin.net
--
-- Servidor: 127.0.0.1
-- Tiempo de generación: 25-12-2015 a las 06:15:56
-- Versión del servidor: 5.6.20
-- Versión de PHP: 5.5.15

SET SQL_MODE = "NO_AUTO_VALUE_ON_ZERO";
SET time_zone = "+00:00";


/*!40101 SET @OLD_CHARACTER_SET_CLIENT=@@CHARACTER_SET_CLIENT */;
/*!40101 SET @OLD_CHARACTER_SET_RESULTS=@@CHARACTER_SET_RESULTS */;
/*!40101 SET @OLD_COLLATION_CONNECTION=@@COLLATION_CONNECTION */;
/*!40101 SET NAMES utf8 */;

--
-- Base de datos: `ssbmvzla`
--
CREATE DATABASE IF NOT EXISTS `ssbmvzla` DEFAULT CHARACTER SET utf8 COLLATE utf8_spanish2_ci;
USE `ssbmvzla`;

-- --------------------------------------------------------

--
-- Estructura de tabla para la tabla `authassignment`
--

CREATE TABLE IF NOT EXISTS `authassignment` (
  `itemname` varchar(64) COLLATE utf8_spanish2_ci NOT NULL,
  `userid` varchar(64) COLLATE utf8_spanish2_ci NOT NULL,
  `bizrule` text COLLATE utf8_spanish2_ci,
  `data` text COLLATE utf8_spanish2_ci
) ENGINE=MyISAM DEFAULT CHARSET=utf8 COLLATE=utf8_spanish2_ci;

--
-- Volcado de datos para la tabla `authassignment`
--

INSERT INTO `authassignment` (`itemname`, `userid`, `bizrule`, `data`) VALUES
('Admin', '1', NULL, 'N;'),
('Authenticated', '2', NULL, 'N;');

-- --------------------------------------------------------

--
-- Estructura de tabla para la tabla `authitem`
--

CREATE TABLE IF NOT EXISTS `authitem` (
  `name` varchar(64) COLLATE utf8_spanish2_ci NOT NULL,
  `type` int(11) NOT NULL,
  `description` text COLLATE utf8_spanish2_ci,
  `bizrule` text COLLATE utf8_spanish2_ci,
  `data` text COLLATE utf8_spanish2_ci
) ENGINE=MyISAM DEFAULT CHARSET=utf8 COLLATE=utf8_spanish2_ci;

--
-- Volcado de datos para la tabla `authitem`
--

INSERT INTO `authitem` (`name`, `type`, `description`, `bizrule`, `data`) VALUES
('Authenticated', 2, 'Authenticated', 'return !Yii::app()->user->isGuest;', 'N;'),
('Guest', 2, NULL, NULL, 'N;'),
('Admin', 2, NULL, NULL, 'N;'),
('User.View', 0, NULL, NULL, 'N;'),
('User.Update', 0, NULL, NULL, 'N;'),
('User.UpdatePassword', 0, NULL, NULL, 'N;'),
('Site.*', 1, NULL, NULL, 'N;'),
('User.GetNotifications', 0, NULL, NULL, 'N;'),
('User.Index', 0, NULL, NULL, 'N;'),
('Notification.*', 1, NULL, NULL, 'N;');

-- --------------------------------------------------------

--
-- Estructura de tabla para la tabla `authitemchild`
--

CREATE TABLE IF NOT EXISTS `authitemchild` (
  `parent` varchar(64) COLLATE utf8_spanish2_ci NOT NULL,
  `child` varchar(64) COLLATE utf8_spanish2_ci NOT NULL
) ENGINE=MyISAM DEFAULT CHARSET=utf8 COLLATE=utf8_spanish2_ci;

--
-- Volcado de datos para la tabla `authitemchild`
--

INSERT INTO `authitemchild` (`parent`, `child`) VALUES
('Authenticated', 'Notification.*'),
('Authenticated', 'Site.*'),
('Authenticated', 'User.GetNotifications'),
('Authenticated', 'User.Index'),
('Authenticated', 'User.Update'),
('Authenticated', 'User.UpdatePassword'),
('Authenticated', 'User.View');

-- --------------------------------------------------------

--
-- Estructura de tabla para la tabla `estado`
--

CREATE TABLE IF NOT EXISTS `estado` (
`id` int(11) NOT NULL,
  `nombre` varchar(100) COLLATE utf8_spanish2_ci NOT NULL,
  `id_pais` int(11) NOT NULL
) ENGINE=InnoDB  DEFAULT CHARSET=utf8 COLLATE=utf8_spanish2_ci AUTO_INCREMENT=11 ;

--
-- Volcado de datos para la tabla `estado`
--

INSERT INTO `estado` (`id`, `nombre`, `id_pais`) VALUES
(1, 'Zulia', 5),
(2, 'Distrito Capital', 5),
(3, 'Aragua', 5),
(4, 'Carabobo', 5),
(5, 'Atlantico', 6),
(6, 'Miranda', 5),
(7, 'Vargas', 5),
(8, 'Merida', 5),
(9, 'Anzoategui', 5),
(10, 'Bolivar', 5);

-- --------------------------------------------------------

--
-- Estructura de tabla para la tabla `jugador`
--

CREATE TABLE IF NOT EXISTS `jugador` (
`id` int(11) NOT NULL,
  `primer_nombre` varchar(50) COLLATE utf8_spanish2_ci NOT NULL,
  `primer_apellido` varchar(50) COLLATE utf8_spanish2_ci NOT NULL,
  `nick` varchar(20) COLLATE utf8_spanish2_ci NOT NULL,
  `id_estado` int(11) NOT NULL
) ENGINE=InnoDB  DEFAULT CHARSET=utf8 COLLATE=utf8_spanish2_ci AUTO_INCREMENT=121 ;

--
-- Volcado de datos para la tabla `jugador`
--

INSERT INTO `jugador` (`id`, `primer_nombre`, `primer_apellido`, `nick`, `id_estado`) VALUES
(1, 'Edwin', 'Vasquez', 'Wito', 1),
(2, 'Humberto', 'Fernandez', 'X-WR', 3),
(3, 'Jesus', 'Courlaender', 'Dark', 2),
(4, 'Angel', 'Yanez', 'Kakuzu', 2),
(5, 'Jhonatan', 'Bondarenco', 'Jonny-Link', 3),
(6, 'Ruben', 'Espinoza', 'Rum3nik3', 3),
(7, 'Enrique', 'Muñoz', 'Kike', 3),
(8, 'Joel', 'Bastidas', 'Turnsniper', 2),
(9, 'Miguel', 'Marquez', 'K3', 1),
(10, 'Fermin', 'Courlaender', 'Yofermin', 2),
(11, 'Ruben', 'Garcia', 'Wari', 3),
(12, 'Michelangelo', 'Greco', 'Blea Gelo', 1),
(13, 'Hernan', '', 'Erny', 3),
(14, 'Miguel', '', 'Glue', 3),
(15, 'Anuar', 'Mata', 'AX', 3),
(16, 'Eduardo', '', 'Edu', 3),
(17, 'Daniel', '', 'Darkidanox', 1),
(18, 'Javier', 'Casaña', 'Capitan Culebra', 6),
(19, 'Daniel', 'Portillo', 'Xti2', 1),
(20, 'Gustavo', 'Portillo', 'Xti1', 1),
(21, 'Argenis', 'Valero', 'Argenis', 1),
(22, 'Luis', 'Martinez', 'Hpnotiq', 1),
(23, 'Mario', 'Ruiz', 'Marius', 1),
(24, 'Luis', 'Arismendy', 'Chocopiwi', 1),
(25, 'Fabio', 'Castellanos', 'Fabio', 1),
(26, 'Elizabeth', 'Gonzalez', 'Eli', 1),
(27, 'Arquimedes', 'Fuentes', 'Kimo', 2),
(28, 'Joseph', 'Arrieta', 'Jac', 1),
(29, 'Juan', 'Gonzalez', 'JD del Futuro', 1),
(30, 'Juan', 'Rangel', 'Dark_Crono', 1),
(31, 'Jose', 'Goitia', 'Goitia', 1),
(32, 'Rodrigo', 'Martinez', 'Roder', 1),
(33, 'Andres', '', 'Tuna', 1),
(34, 'Adrian', 'Pirela', 'Adn', 1),
(35, 'Eduardo', '', 'Eduardo Peach', 1),
(36, 'bf3rr3r0', '', 'bf3rr3r0', 1),
(37, 'MrJ', '', 'MrJ', 1),
(38, 'Stic', '', 'Stic', 1),
(39, 'Ace', '', 'Ace', 1),
(40, 'Kelvin', 'Suarez', 'Kelvin', 7),
(41, 'Juan', 'Sebastian', 'JuanS', 6),
(42, 'Nelson', 'Ruiz', 'NDJ', 3),
(43, 'Julio', 'Moena', 'Onigouki', 2),
(44, 'Francisco', '', 'LMRT', 2),
(45, 'Eliezer', 'Mejias', 'Yui', 3),
(46, 'Brian', 'Olaizola', 'Dante', 3),
(47, 'Carmen', '', 'Carmen', 4),
(48, 'Ricardo', 'Meza', 'Chap', 3),
(49, 'Louis', 'Francisco', 'Loas', 4),
(50, 'Gerardo', 'Coronel', 'Gerarv', 4),
(51, 'David', 'Betancourt', 'Youkai Master', 2),
(52, 'Felipe', '', 'HDK', 2),
(53, 'Jesus', 'Villafranco', 'Jedo', 3),
(54, 'Daniel', '', 'Syko', 3),
(55, 'Ernesto', 'Rios', 'Totti', 2),
(56, 'Davide', 'Alessio', 'Davide', 1),
(57, 'Luis', 'Hidalgo', 'Mokun', 4),
(58, 'Samuel', 'Hewstone', 'Sam', 1),
(59, 'Carlos', 'Naveda', 'CNaveda', 6),
(60, 'Lenin', 'Martinez', 'LMartinez', 6),
(61, 'Ricardo', 'Charre', 'RCharre', 6),
(62, 'Edward', 'Suarez', 'Edd', 1),
(63, 'Julio', 'Muñoz', 'JMuñoz', 6),
(64, 'MicroXti', '', 'MicroXti', 1),
(65, 'Xti29', '', 'Xti29', 1),
(66, 'Miguel', 'Lopez', 'Glitch', 1),
(67, 'Gianfranco', 'Falzarano', 'Gian', 1),
(69, 'ANDX', '', 'ANDX', 3),
(70, 'Antonio', '', 'Antonio', 3),
(71, 'Ivan', '', 'Ivan', 3),
(72, 'Joshua', 'Requena', '8A', 6),
(73, 'Poxi', '', 'Poxi', 6),
(74, 'Wake', '', 'Wake', 6),
(75, 'Luis', 'Goncalves', 'LuisG', 6),
(76, 'Arbil', '', 'Arbil', 6),
(77, 'Dirac', '', 'Dirac', 6),
(78, 'Andres', 'Rodriguez', 'Weed', 4),
(79, 'Gabriel', 'Rivero', 'Garu', 3),
(80, 'Womp', '', 'Womp', 6),
(81, 'Agahnim', '', 'Agahnim', 6),
(82, 'Junk', '', 'Junk', 6),
(83, 'Samtron', '', 'Samtron', 6),
(84, 'Vincent', 'Rosciano', 'Vexx', 2),
(85, 'Jose', 'Otero', 'Bellator', 3),
(86, 'Miguel', 'Carrero', 'Mike', 6),
(87, 'Paolo', 'Vitale', 'Pulolo', 3),
(88, 'DOOM', '', 'DOOM', 9),
(89, 'Outlaw', '', 'Outlaw', 4),
(90, 'Roy', 'Patiño', 'Roy', 3),
(92, 'Blay', '', 'Blay', 3),
(93, 'Chevaca', '', 'Chevaca', 8),
(94, 'Chully', '', 'Chully', 8),
(95, 'Maikol', 'Aterio', 'Maikol', 9),
(96, 'Rafael', 'Hoyer', 'BTO', 4),
(97, 'Alfredo', 'Perez', 'Dozer', 10),
(98, 'Alfonso', 'Gonzales', 'Alphonse', 10),
(99, 'Jesus', 'Petrocelli', 'Petro', 10),
(100, 'Giussepe', 'Lelli', 'xNolix', 10),
(101, 'Ruben', 'Torres', 'Lant', 10),
(102, 'Eduardo', 'Gonzales', 'Igu', 10),
(103, 'Oliver', 'Gallanti', 'FinalTaco', 10),
(104, 'Hogaru', '', 'Hogaru', 6),
(106, 'Fernando', 'Sanchez', 'Hotaru', 6),
(107, 'Juan', 'Prieto', 'Bombix', 1),
(108, 'Altair', '', 'Altair', 2),
(109, 'Diemonx', '', 'Diemonx', 2),
(110, 'Fermox', '', 'Fermox', 2),
(111, 'Jonathan', '', 'Jaws', 3),
(112, 'Juan José', '', 'JJ', 3),
(113, 'Lewis', '', 'Lewis', 3),
(114, 'Gabriel', '', 'Khaku', 10),
(115, 'Marco', '', 'Steve', 10),
(116, 'Gaudi', 'Galves', 'Gaudi', 10),
(117, 'Carlos', '', 'Niv', 10),
(118, 'Gino', '', 'Gino', 10),
(119, 'Edu', '', 'Edu2', 6),
(120, 'Fran', 'Colmenarez', 'Fran', 6);

-- --------------------------------------------------------

--
-- Estructura de tabla para la tabla `jugador_personaje`
--

CREATE TABLE IF NOT EXISTS `jugador_personaje` (
`id` int(11) NOT NULL,
  `id_jugador` int(11) NOT NULL,
  `id_personaje` int(11) NOT NULL,
  `primario` tinyint(1) NOT NULL
) ENGINE=InnoDB  DEFAULT CHARSET=utf8 COLLATE=utf8_spanish2_ci AUTO_INCREMENT=162 ;

--
-- Volcado de datos para la tabla `jugador_personaje`
--

INSERT INTO `jugador_personaje` (`id`, `id_jugador`, `id_personaje`, `primario`) VALUES
(1, 1, 1, 1),
(2, 1, 2, 0),
(3, 1, 5, 0),
(4, 2, 4, 1),
(5, 4, 3, 1),
(6, 7, 5, 1),
(7, 10, 19, 1),
(8, 10, 15, 0),
(9, 3, 23, 1),
(10, 3, 9, 0),
(11, 5, 19, 1),
(12, 8, 19, 1),
(13, 12, 13, 1),
(14, 12, 9, 0),
(15, 9, 3, 1),
(16, 6, 1, 1),
(17, 11, 23, 1),
(18, 11, 2, 0),
(19, 13, 1, 1),
(20, 14, 7, 1),
(21, 15, 1, 0),
(22, 16, 3, 1),
(23, 17, 1, 1),
(24, 19, 1, 1),
(25, 19, 23, 0),
(26, 18, 8, 1),
(27, 20, 10, 1),
(28, 21, 15, 1),
(29, 21, 26, 0),
(30, 22, 16, 1),
(31, 22, 15, 0),
(32, 36, 1, 1),
(33, 23, 23, 1),
(34, 23, 15, 0),
(35, 24, 2, 1),
(36, 25, 2, 1),
(37, 39, 1, 1),
(38, 27, 2, 1),
(39, 26, 19, 1),
(40, 28, 1, 1),
(41, 37, 1, 1),
(42, 29, 17, 1),
(43, 30, 5, 1),
(44, 30, 12, 0),
(45, 31, 3, 1),
(46, 38, 1, 1),
(47, 32, 2, 1),
(48, 32, 1, 0),
(49, 33, 5, 1),
(50, 34, 2, 1),
(51, 35, 19, 1),
(52, 41, 23, 1),
(53, 42, 21, 0),
(54, 42, 8, 1),
(55, 40, 1, 1),
(56, 40, 15, 0),
(57, 40, 23, 0),
(58, 43, 1, 1),
(59, 43, 23, 0),
(60, 44, 3, 1),
(61, 45, 19, 1),
(62, 46, 1, 1),
(63, 46, 5, 0),
(64, 46, 15, 0),
(65, 47, 12, 1),
(66, 48, 2, 1),
(67, 50, 5, 1),
(68, 49, 3, 1),
(69, 51, 15, 1),
(70, 52, 15, 1),
(71, 53, 3, 1),
(72, 54, 1, 1),
(73, 55, 23, 1),
(74, 56, 5, 1),
(75, 56, 1, 0),
(76, 56, 2, 0),
(77, 58, 9, 1),
(78, 57, 10, 1),
(79, 57, 3, 0),
(80, 57, 18, 0),
(81, 59, 22, 1),
(82, 60, 1, 1),
(83, 61, 1, 1),
(84, 62, 19, 1),
(85, 63, 1, 1),
(86, 64, 15, 1),
(87, 65, 2, 1),
(88, 66, 3, 1),
(90, 67, 8, 1),
(91, 69, 12, 1),
(92, 71, 1, 1),
(93, 70, 1, 1),
(94, 72, 1, 1),
(95, 73, 1, 1),
(96, 74, 1, 1),
(97, 75, 2, 1),
(98, 75, 15, 0),
(99, 76, 10, 1),
(100, 77, 2, 1),
(101, 78, 1, 1),
(102, 79, 2, 1),
(103, 80, 23, 1),
(104, 81, 2, 1),
(105, 82, 1, 1),
(106, 83, 7, 1),
(107, 84, 1, 1),
(108, 84, 2, 0),
(109, 85, 1, 1),
(110, 85, 24, 0),
(111, 79, 23, 0),
(112, 79, 15, 0),
(113, 85, 5, 0),
(114, 15, 10, 1),
(115, 93, 3, 1),
(116, 95, 1, 1),
(117, 97, 23, 1),
(118, 97, 10, 0),
(119, 98, 15, 1),
(120, 98, 1, 0),
(121, 99, 23, 1),
(122, 99, 1, 0),
(123, 100, 15, 1),
(124, 100, 2, 0),
(125, 101, 2, 1),
(126, 101, 12, 0),
(127, 102, 1, 1),
(128, 103, 5, 1),
(129, 103, 7, 0),
(130, 86, 13, 1),
(131, 106, 15, 1),
(132, 87, 5, 1),
(133, 87, 2, 0),
(134, 89, 15, 1),
(135, 96, 19, 1),
(136, 107, 2, 1),
(137, 90, 15, 1),
(138, 1, 15, 0),
(139, 27, 15, 0),
(140, 94, 2, 1),
(141, 88, 15, 1),
(142, 92, 2, 1),
(143, 92, 8, 0),
(144, 108, 15, 1),
(145, 108, 12, 0),
(146, 109, 18, 1),
(147, 109, 3, 0),
(148, 110, 20, 1),
(149, 111, 23, 1),
(150, 111, 15, 0),
(151, 112, 23, 1),
(152, 112, 15, 0),
(153, 113, 23, 1),
(154, 114, 19, 1),
(155, 115, 2, 1),
(156, 116, 5, 1),
(157, 116, 2, 0),
(158, 117, 15, 1),
(159, 118, 3, 1),
(160, 119, 1, 1),
(161, 120, 12, 1);

-- --------------------------------------------------------

--
-- Estructura de tabla para la tabla `jugador_posicion_torneo`
--

CREATE TABLE IF NOT EXISTS `jugador_posicion_torneo` (
`id` int(11) NOT NULL,
  `id_jugador` int(11) NOT NULL,
  `id_torneo` int(11) NOT NULL,
  `posicion` int(11) NOT NULL
) ENGINE=InnoDB  DEFAULT CHARSET=utf8 COLLATE=utf8_spanish2_ci AUTO_INCREMENT=414 ;

--
-- Volcado de datos para la tabla `jugador_posicion_torneo`
--

INSERT INTO `jugador_posicion_torneo` (`id`, `id_jugador`, `id_torneo`, `posicion`) VALUES
(1, 12, 1, 1),
(2, 11, 1, 2),
(3, 1, 1, 3),
(4, 7, 1, 4),
(5, 8, 1, 5),
(6, 3, 1, 5),
(7, 9, 1, 7),
(8, 10, 1, 7),
(9, 5, 1, 9),
(10, 2, 1, 9),
(11, 16, 1, 9),
(12, 4, 1, 9),
(13, 14, 1, 13),
(14, 6, 1, 13),
(15, 15, 1, 13),
(16, 13, 1, 13),
(17, 30, 2, 1),
(18, 12, 2, 2),
(19, 28, 2, 3),
(20, 20, 2, 4),
(21, 32, 2, 5),
(22, 9, 2, 5),
(23, 11, 2, 7),
(24, 19, 2, 7),
(25, 23, 2, 9),
(26, 1, 2, 9),
(27, 35, 2, 9),
(28, 25, 2, 9),
(29, 31, 2, 13),
(30, 33, 2, 13),
(31, 22, 2, 13),
(32, 21, 2, 13),
(33, 8, 2, 17),
(34, 29, 2, 17),
(35, 4, 2, 17),
(36, 24, 2, 17),
(37, 27, 2, 17),
(38, 17, 2, 17),
(39, 34, 2, 23),
(40, 38, 2, 23),
(41, 37, 2, 23),
(42, 26, 2, 23),
(43, 39, 2, 23),
(44, 36, 2, 23),
(45, 18, 2, 23),
(46, 30, 3, 1),
(47, 40, 3, 2),
(48, 8, 3, 3),
(49, 3, 3, 4),
(50, 27, 3, 5),
(51, 41, 3, 5),
(52, 42, 3, 7),
(53, 43, 3, 7),
(54, 1, 4, 1),
(55, 27, 4, 2),
(56, 8, 4, 3),
(57, 11, 4, 4),
(58, 46, 4, 5),
(59, 48, 4, 5),
(60, 41, 4, 7),
(61, 5, 4, 7),
(62, 6, 4, 9),
(63, 42, 4, 9),
(64, 45, 4, 9),
(65, 44, 4, 9),
(66, 47, 4, 13),
(67, 1, 5, 1),
(68, 40, 5, 2),
(69, 11, 5, 3),
(70, 45, 5, 4),
(71, 46, 5, 5),
(72, 42, 5, 5),
(73, 41, 5, 7),
(74, 5, 5, 7),
(75, 1, 6, 1),
(76, 40, 6, 2),
(77, 8, 6, 3),
(78, 27, 6, 4),
(79, 42, 6, 5),
(80, 6, 6, 5),
(81, 49, 6, 7),
(82, 50, 6, 7),
(83, 11, 7, 1),
(84, 1, 7, 2),
(85, 48, 7, 3),
(86, 41, 7, 4),
(87, 46, 7, 5),
(88, 27, 7, 5),
(89, 8, 7, 7),
(90, 44, 7, 7),
(91, 42, 7, 9),
(92, 1, 8, 1),
(93, 48, 8, 2),
(94, 8, 8, 3),
(95, 7, 8, 4),
(96, 46, 8, 5),
(97, 11, 8, 5),
(98, 41, 8, 7),
(99, 42, 8, 7),
(100, 53, 8, 9),
(101, 45, 8, 9),
(102, 28, 8, 9),
(103, 44, 8, 9),
(104, 51, 8, 13),
(105, 52, 8, 13),
(106, 6, 8, 13),
(107, 54, 8, 13),
(108, 49, 8, 17),
(109, 18, 8, 17),
(110, 3, 8, 17),
(111, 2, 8, 17),
(112, 1, 9, 1),
(113, 8, 9, 2),
(114, 48, 9, 3),
(115, 27, 9, 4),
(116, 41, 9, 5),
(117, 11, 9, 6),
(118, 40, 9, 7),
(119, 44, 9, 8),
(120, 49, 9, 9),
(121, 55, 9, 10),
(122, 6, 9, 11),
(123, 52, 9, 12),
(124, 1, 10, 1),
(125, 28, 10, 2),
(126, 8, 10, 3),
(127, 23, 10, 4),
(128, 56, 10, 5),
(129, 41, 10, 5),
(130, 48, 10, 7),
(131, 44, 10, 7),
(132, 40, 10, 9),
(133, 6, 10, 9),
(134, 46, 10, 9),
(135, 27, 10, 9),
(136, 58, 10, 13),
(137, 42, 10, 13),
(138, 52, 10, 13),
(139, 57, 10, 13),
(140, 55, 10, 17),
(141, 49, 10, 17),
(142, 50, 10, 17),
(143, 1, 11, 1),
(144, 23, 11, 2),
(145, 41, 11, 3),
(146, 48, 11, 4),
(147, 27, 11, 5),
(148, 28, 11, 5),
(149, 42, 11, 7),
(150, 8, 11, 7),
(151, 44, 11, 9),
(152, 6, 11, 9),
(153, 52, 11, 9),
(154, 40, 11, 9),
(155, 25, 11, 13),
(156, 60, 11, 13),
(157, 62, 11, 13),
(158, 61, 11, 13),
(159, 63, 11, 17),
(160, 59, 11, 17),
(161, 1, 12, 1),
(162, 8, 12, 2),
(163, 23, 12, 3),
(164, 57, 12, 4),
(165, 28, 12, 5),
(166, 40, 12, 5),
(167, 5, 12, 7),
(168, 58, 12, 7),
(169, 46, 12, 9),
(170, 41, 12, 9),
(171, 42, 12, 9),
(172, 1, 13, 1),
(173, 56, 13, 2),
(174, 28, 13, 3),
(175, 30, 13, 4),
(176, 32, 13, 5),
(177, 67, 13, 5),
(178, 23, 13, 7),
(179, 19, 13, 7),
(180, 9, 13, 9),
(181, 65, 13, 9),
(182, 11, 13, 9),
(183, 22, 13, 9),
(184, 66, 13, 13),
(185, 29, 13, 13),
(186, 58, 13, 13),
(187, 42, 13, 13),
(188, 64, 13, 17),
(189, 28, 14, 1),
(190, 11, 14, 2),
(191, 23, 14, 3),
(192, 57, 14, 4),
(193, 27, 14, 5),
(194, 41, 14, 6),
(195, 49, 14, 7),
(196, 45, 14, 8),
(197, 46, 14, 9),
(198, 44, 14, 10),
(199, 42, 14, 11),
(200, 52, 14, 12),
(201, 1, 15, 1),
(202, 11, 15, 2),
(203, 57, 15, 3),
(204, 46, 15, 4),
(205, 41, 15, 5),
(206, 8, 15, 5),
(207, 48, 15, 7),
(208, 42, 15, 7),
(209, 5, 15, 9),
(210, 45, 15, 9),
(211, 50, 15, 9),
(212, 14, 15, 9),
(213, 6, 15, 13),
(214, 49, 15, 13),
(215, 7, 15, 13),
(216, 11, 16, 1),
(217, 57, 16, 2),
(218, 8, 16, 3),
(219, 41, 16, 4),
(220, 42, 16, 5),
(221, 5, 16, 5),
(222, 69, 16, 7),
(223, 14, 16, 7),
(224, 71, 16, 9),
(225, 70, 16, 9),
(226, 1, 17, 1),
(227, 27, 17, 2),
(228, 11, 17, 3),
(229, 57, 17, 4),
(230, 56, 17, 5),
(231, 8, 17, 5),
(232, 48, 17, 7),
(233, 41, 17, 7),
(234, 27, 18, 1),
(235, 8, 18, 2),
(236, 11, 18, 3),
(237, 42, 18, 4),
(238, 7, 18, 5),
(239, 49, 18, 5),
(240, 93, 18, 7),
(241, 50, 18, 7),
(242, 48, 18, 9),
(243, 94, 18, 9),
(244, 5, 18, 9),
(245, 6, 18, 9),
(246, 1, 19, 1),
(247, 41, 19, 2),
(248, 27, 19, 3),
(249, 11, 19, 4),
(250, 48, 19, 5),
(251, 85, 19, 5),
(252, 52, 19, 7),
(253, 78, 19, 7),
(254, 104, 19, 9),
(255, 43, 19, 9),
(256, 6, 19, 9),
(257, 86, 19, 9),
(258, 83, 19, 13),
(259, 106, 19, 13),
(260, 74, 19, 13),
(261, 7, 17, 9),
(262, 43, 17, 9),
(263, 42, 17, 9),
(264, 50, 17, 9),
(265, 74, 17, 13),
(266, 40, 17, 13),
(267, 6, 17, 13),
(268, 81, 17, 13),
(269, 73, 17, 17),
(270, 72, 17, 17),
(271, 75, 17, 17),
(272, 76, 17, 17),
(273, 78, 17, 17),
(274, 79, 17, 17),
(275, 84, 17, 17),
(276, 85, 17, 17),
(277, 49, 17, 25),
(278, 77, 17, 25),
(279, 80, 17, 25),
(280, 82, 17, 25),
(281, 83, 17, 25),
(282, 85, 18, 13),
(283, 46, 18, 13),
(284, 77, 18, 13),
(285, 72, 18, 13),
(286, 79, 18, 13),
(287, 96, 18, 13),
(288, 73, 18, 19),
(289, 88, 18, 19),
(290, 90, 18, 19),
(291, 74, 18, 19),
(292, 95, 18, 19),
(293, 92, 18, 19),
(294, 86, 18, 25),
(295, 87, 18, 25),
(296, 89, 18, 25),
(297, 15, 18, 25),
(298, 78, 18, 25),
(299, 81, 18, 25),
(300, 40, 20, 1),
(301, 30, 20, 2),
(302, 34, 20, 3),
(303, 40, 21, 1),
(304, 30, 21, 2),
(305, 12, 21, 3),
(306, 30, 22, 1),
(307, 9, 22, 2),
(308, 34, 22, 3),
(309, 30, 23, 1),
(310, 40, 23, 2),
(311, 8, 23, 3),
(312, 9, 23, 4),
(313, 12, 23, 5),
(314, 11, 23, 5),
(315, 30, 24, 1),
(316, 12, 24, 2),
(317, 40, 24, 3),
(318, 30, 25, 1),
(319, 40, 25, 2),
(320, 4, 25, 3),
(321, 30, 26, 1),
(322, 12, 26, 2),
(323, 1, 26, 3),
(324, 20, 26, 4),
(325, 1, 27, 1),
(326, 30, 27, 2),
(327, 23, 27, 3),
(328, 19, 27, 4),
(329, 1, 28, 1),
(330, 23, 28, 2),
(331, 22, 28, 3),
(332, 29, 28, 4),
(333, 56, 28, 5),
(334, 67, 28, 6),
(335, 107, 28, 7),
(336, 11, 29, 1),
(337, 48, 29, 2),
(338, 42, 29, 3),
(339, 7, 29, 4),
(340, 78, 29, 5),
(341, 49, 29, 6),
(342, 50, 29, 7),
(343, 85, 29, 8),
(344, 6, 29, 9),
(345, 79, 29, 10),
(346, 96, 29, 11),
(347, 90, 29, 12),
(348, 1, 30, 1),
(349, 11, 30, 2),
(350, 27, 30, 3),
(351, 8, 30, 4),
(352, 7, 30, 5),
(353, 42, 30, 5),
(354, 52, 30, 7),
(355, 44, 30, 7),
(356, 81, 30, 9),
(357, 22, 30, 9),
(358, 74, 30, 9),
(359, 78, 30, 9),
(360, 92, 30, 13),
(361, 82, 30, 13),
(362, 106, 30, 13),
(363, 109, 30, 17),
(364, 110, 30, 17),
(365, 11, 31, 1),
(366, 1, 31, 2),
(367, 42, 31, 3),
(368, 8, 31, 4),
(369, 46, 31, 5),
(370, 85, 31, 5),
(371, 14, 31, 7),
(372, 79, 31, 7),
(373, 78, 31, 9),
(374, 87, 31, 9),
(375, 92, 31, 9),
(376, 111, 31, 9),
(377, 112, 31, 13),
(378, 113, 31, 13),
(379, 103, 33, 1),
(380, 98, 33, 2),
(381, 114, 33, 3),
(382, 100, 33, 4),
(383, 97, 33, 5),
(384, 99, 33, 5),
(385, 116, 33, 7),
(386, 115, 33, 7),
(387, 98, 34, 1),
(388, 101, 34, 2),
(389, 103, 34, 3),
(390, 100, 34, 4),
(391, 114, 34, 5),
(392, 117, 34, 5),
(393, 116, 34, 7),
(394, 115, 34, 7),
(395, 97, 34, 9),
(396, 118, 34, 9),
(397, 102, 34, 9),
(398, 99, 34, 9),
(399, 1, 36, 1),
(400, 27, 36, 2),
(401, 42, 36, 5),
(402, 43, 36, 3),
(403, 52, 36, 4),
(404, 44, 36, 5),
(405, 85, 36, 7),
(406, 120, 36, 9),
(407, 95, 36, 9),
(408, 106, 36, 9),
(409, 74, 36, 13),
(410, 86, 36, 13),
(411, 78, 36, 9),
(412, 79, 36, 7),
(413, 119, 36, 13);

-- --------------------------------------------------------

--
-- Estructura de tabla para la tabla `jugador_rank_temp`
--

CREATE TABLE IF NOT EXISTS `jugador_rank_temp` (
`id` int(11) NOT NULL,
  `id_jugador` int(11) NOT NULL,
  `puntos` int(11) NOT NULL,
  `posicion` int(11) NOT NULL,
  `status` int(11) NOT NULL,
  `fecha` datetime NOT NULL
) ENGINE=InnoDB  DEFAULT CHARSET=utf8 COLLATE=utf8_spanish_ci AUTO_INCREMENT=231 ;

--
-- Volcado de datos para la tabla `jugador_rank_temp`
--

INSERT INTO `jugador_rank_temp` (`id`, `id_jugador`, `puntos`, `posicion`, `status`, `fecha`) VALUES
(1, 72, 2020, 0, 0, '2015-08-16 09:20:11'),
(2, 73, 1980, 0, 0, '2015-08-16 09:20:11'),
(3, 48, 2020, 0, 0, '2015-08-16 09:20:11'),
(4, 7, 1980, 0, 0, '2015-08-16 09:20:11'),
(5, 74, 2020, 0, 0, '2015-08-16 09:20:11'),
(6, 49, 1980, 0, 0, '2015-08-16 09:20:11'),
(7, 1, 2021, 0, 0, '2015-08-16 09:20:11'),
(8, 72, 1999, 0, 0, '2015-08-16 09:20:11'),
(9, 48, 2040, 0, 0, '2015-08-16 09:20:11'),
(10, 74, 2000, 0, 0, '2015-08-16 09:20:12'),
(11, 1, 2042, 0, 0, '2015-08-16 09:20:12'),
(12, 48, 2019, 0, 0, '2015-08-16 09:20:12'),
(13, 7, 2000, 0, 0, '2015-08-16 09:20:12'),
(14, 49, 1960, 29, 0, '2015-08-16 09:20:12'),
(15, 7, 2020, 0, 0, '2015-08-16 09:20:12'),
(16, 72, 1979, 21, 0, '2015-08-16 09:20:12'),
(17, 74, 2019, 0, 0, '2015-08-16 09:20:12'),
(18, 73, 1961, 22, 0, '2015-08-16 09:20:13'),
(19, 7, 2040, 0, 0, '2015-08-16 09:20:13'),
(20, 74, 1999, 16, 0, '2015-08-16 09:20:13'),
(21, 48, 2040, 0, 0, '2015-08-16 09:20:13'),
(22, 7, 2029, 9, 0, '2015-08-16 09:20:13'),
(23, 40, 2020, 0, 0, '2015-08-16 09:20:13'),
(24, 75, 1980, 0, 0, '2015-08-16 09:20:13'),
(25, 8, 2020, 0, 0, '2015-08-16 09:20:13'),
(26, 76, 1980, 0, 0, '2015-08-16 09:20:13'),
(27, 43, 2020, 0, 0, '2015-08-16 09:20:14'),
(28, 77, 1980, 0, 0, '2015-08-16 09:20:14'),
(29, 43, 2040, 0, 0, '2015-08-16 09:20:14'),
(30, 8, 2000, 0, 0, '2015-08-16 09:20:14'),
(31, 11, 2021, 0, 0, '2015-08-16 09:20:14'),
(32, 40, 1999, 0, 0, '2015-08-16 09:20:14'),
(33, 11, 2042, 0, 0, '2015-08-16 09:20:15'),
(34, 43, 2019, 0, 0, '2015-08-16 09:20:15'),
(35, 76, 2000, 0, 0, '2015-08-16 09:20:15'),
(36, 77, 1960, 25, 0, '2015-08-16 09:20:15'),
(37, 8, 2019, 0, 0, '2015-08-16 09:20:15'),
(38, 75, 1961, 34, 1, '2015-08-16 09:20:16'),
(39, 40, 2019, 0, 0, '2015-08-16 09:20:16'),
(40, 76, 1980, 26, 1, '2015-08-16 09:20:16'),
(41, 8, 2039, 0, 0, '2015-08-16 09:20:16'),
(42, 40, 1999, 17, 1, '2015-08-16 09:20:16'),
(43, 8, 2048, 0, 0, '2015-08-16 09:20:16'),
(44, 43, 2000, 16, 1, '2015-08-16 09:20:16'),
(45, 6, 2020, 0, 0, '2015-08-16 09:20:17'),
(46, 78, 1980, 0, 0, '2015-08-16 09:20:17'),
(47, 27, 2020, 0, 0, '2015-08-16 09:20:17'),
(48, 79, 1980, 0, 0, '2015-08-16 09:20:17'),
(49, 42, 2020, 0, 0, '2015-08-16 09:20:17'),
(50, 80, 1980, 0, 0, '2015-08-16 09:20:17'),
(51, 56, 2021, 0, 0, '2015-08-16 09:20:17'),
(52, 6, 1999, 0, 0, '2015-08-16 09:20:17'),
(53, 27, 2040, 0, 0, '2015-08-16 09:20:17'),
(54, 42, 2000, 0, 0, '2015-08-16 09:20:17'),
(55, 27, 2059, 0, 0, '2015-08-16 09:20:18'),
(56, 56, 2002, 0, 0, '2015-08-16 09:20:18'),
(57, 79, 2000, 0, 0, '2015-08-16 09:20:18'),
(58, 80, 1960, 37, 1, '2015-08-16 09:20:19'),
(59, 42, 2019, 0, 0, '2015-08-16 09:20:19'),
(60, 78, 1961, 24, 0, '2015-08-16 09:20:19'),
(61, 6, 2019, 0, 0, '2015-08-16 09:20:19'),
(62, 79, 1980, 19, 0, '2015-08-16 09:20:19'),
(63, 42, 2039, 0, 0, '2015-08-16 09:20:20'),
(64, 6, 1999, 15, 0, '2015-08-16 09:20:20'),
(65, 56, 2024, 0, 0, '2015-08-16 09:20:20'),
(66, 42, 2028, 11, 0, '2015-08-16 09:20:20'),
(67, 84, 2020, 0, 0, '2015-08-16 09:20:20'),
(68, 85, 1980, 0, 0, '2015-08-16 09:20:20'),
(69, 41, 2020, 0, 0, '2015-08-16 09:20:20'),
(70, 83, 1980, 0, 0, '2015-08-16 09:20:20'),
(71, 81, 2020, 0, 0, '2015-08-16 09:20:20'),
(72, 82, 1980, 0, 0, '2015-08-16 09:20:21'),
(73, 57, 2020, 0, 0, '2015-08-16 09:20:21'),
(74, 50, 1980, 0, 0, '2015-08-16 09:20:21'),
(75, 57, 2040, 0, 0, '2015-08-16 09:20:21'),
(76, 81, 2000, 0, 0, '2015-08-16 09:20:21'),
(77, 41, 2040, 0, 0, '2015-08-16 09:20:21'),
(78, 84, 2000, 0, 0, '2015-08-16 09:20:21'),
(79, 57, 2060, 0, 0, '2015-08-16 09:20:22'),
(80, 41, 2020, 0, 0, '2015-08-16 09:20:22'),
(81, 50, 2000, 0, 0, '2015-08-16 09:20:22'),
(82, 82, 1960, 35, 1, '2015-08-16 09:20:22'),
(83, 85, 2000, 0, 0, '2015-08-16 09:20:22'),
(84, 83, 1960, 36, 1, '2015-08-16 09:20:22'),
(85, 81, 2020, 0, 0, '2015-08-16 09:20:23'),
(86, 85, 1980, 18, 0, '2015-08-16 09:20:23'),
(87, 50, 2020, 0, 0, '2015-08-16 09:20:23'),
(88, 84, 1980, 27, 1, '2015-08-16 09:20:23'),
(89, 50, 2040, 0, 0, '2015-08-16 09:20:23'),
(90, 81, 2000, 13, 0, '2015-08-16 09:20:23'),
(91, 41, 2041, 0, 0, '2015-08-16 09:20:24'),
(92, 50, 2029, 10, 0, '2015-08-16 09:20:24'),
(93, 1, 2063, 0, 0, '2015-08-16 09:20:24'),
(94, 27, 2038, 0, 0, '2015-08-16 09:20:24'),
(95, 11, 2063, 0, 0, '2015-08-16 09:20:25'),
(96, 57, 2039, 0, 0, '2015-08-16 09:20:26'),
(97, 1, 2083, 0, 0, '2015-08-16 09:20:26'),
(98, 11, 2043, 0, 0, '2015-08-16 09:20:26'),
(99, 56, 2045, 0, 0, '2015-08-16 09:20:26'),
(100, 41, 2031, 11, 1, '2015-08-16 09:20:26'),
(101, 8, 2058, 0, 0, '2015-08-16 09:20:27'),
(102, 48, 2030, 8, 0, '2015-08-16 09:20:27'),
(103, 57, 2050, 0, 0, '2015-08-16 09:20:27'),
(104, 8, 2047, 3, 0, '2015-08-16 09:20:27'),
(105, 27, 2048, 0, 0, '2015-08-16 09:20:28'),
(106, 56, 2035, 9, 1, '2015-08-16 09:20:28'),
(107, 27, 2058, 0, 0, '2015-08-16 09:20:28'),
(108, 57, 2040, 6, 1, '2015-08-16 09:20:28'),
(109, 27, 2068, 0, 0, '2015-08-16 09:20:28'),
(110, 11, 2033, 6, 0, '2015-08-16 09:20:28'),
(111, 27, 2078, 0, 0, '2015-08-16 09:20:28'),
(112, 1, 2073, 0, 0, '2015-08-16 09:20:29'),
(113, 1, 2083, 3, 1, '2015-08-16 09:20:29'),
(114, 27, 2068, 2, 0, '2015-08-16 09:20:29'),
(115, 93, 2020, 0, 0, '2015-08-16 09:21:35'),
(116, 86, 1980, 0, 0, '2015-08-16 09:21:35'),
(117, 93, 2037, 0, 0, '2015-08-16 09:21:36'),
(118, 73, 1944, 0, 0, '2015-08-16 09:21:36'),
(119, 42, 2037, 0, 0, '2015-08-16 09:21:36'),
(120, 85, 1963, 0, 0, '2015-08-16 09:21:36'),
(121, 42, 2047, 0, 0, '2015-08-16 09:21:36'),
(122, 93, 2017, 0, 0, '2015-08-16 09:21:36'),
(123, 85, 1973, 0, 0, '2015-08-16 09:21:36'),
(124, 86, 1959, 38, 1, '2015-08-16 09:21:37'),
(125, 85, 1982, 0, 0, '2015-08-16 09:21:37'),
(126, 73, 1926, 41, 1, '2015-08-16 09:21:37'),
(127, 93, 2035, 0, 0, '2015-08-16 09:21:37'),
(128, 85, 1973, 30, 1, '2015-08-16 09:21:37'),
(129, 46, 2020, 0, 0, '2015-08-16 09:21:37'),
(130, 88, 1980, 0, 0, '2015-08-16 09:21:37'),
(131, 11, 2043, 0, 0, '2015-08-16 09:21:37'),
(132, 46, 2001, 0, 0, '2015-08-16 09:21:38'),
(133, 49, 1982, 0, 0, '2015-08-16 09:21:38'),
(134, 87, 1978, 0, 0, '2015-08-16 09:21:38'),
(135, 11, 2051, 0, 0, '2015-08-16 09:21:38'),
(136, 49, 1965, 0, 0, '2015-08-16 09:21:38'),
(137, 88, 2000, 0, 0, '2015-08-16 09:21:39'),
(138, 87, 1958, 39, 1, '2015-08-16 09:21:39'),
(139, 46, 2021, 0, 0, '2015-08-16 09:21:39'),
(140, 88, 1980, 28, 1, '2015-08-16 09:21:39'),
(141, 49, 1977, 0, 0, '2015-08-16 09:21:40'),
(142, 46, 1998, 19, 1, '2015-08-16 09:21:40'),
(143, 90, 2020, 0, 0, '2015-08-16 09:21:40'),
(144, 89, 1980, 0, 0, '2015-08-16 09:21:40'),
(145, 94, 2021, 0, 0, '2015-08-16 09:21:40'),
(146, 90, 1999, 0, 0, '2015-08-16 09:21:40'),
(147, 7, 2037, 0, 0, '2015-08-16 09:21:41'),
(148, 77, 1944, 0, 0, '2015-08-16 09:21:41'),
(149, 7, 2047, 0, 0, '2015-08-16 09:21:41'),
(150, 94, 2002, 0, 0, '2015-08-16 09:21:41'),
(151, 77, 1966, 0, 0, '2015-08-16 09:21:41'),
(152, 89, 1958, 40, 1, '2015-08-16 09:21:41'),
(153, 77, 1977, 0, 0, '2015-08-16 09:21:42'),
(154, 90, 1977, 29, 1, '2015-08-16 09:21:42'),
(155, 94, 2021, 0, 0, '2015-08-16 09:21:42'),
(156, 77, 1968, 31, 1, '2015-08-16 09:21:42'),
(157, 72, 2000, 0, 0, '2015-08-16 09:21:42'),
(158, 74, 1988, 0, 0, '2015-08-16 09:21:42'),
(159, 72, 2011, 0, 0, '2015-08-16 09:21:43'),
(160, 50, 2018, 0, 0, '2015-08-16 09:21:43'),
(161, 48, 2039, 0, 0, '2015-08-16 09:21:43'),
(162, 15, 1982, 0, 0, '2015-08-16 09:21:43'),
(163, 48, 2048, 0, 0, '2015-08-16 09:21:43'),
(164, 72, 2002, 0, 0, '2015-08-16 09:21:43'),
(165, 74, 1998, 0, 0, '2015-08-16 09:21:43'),
(166, 15, 1962, 32, 1, '2015-08-16 09:21:43'),
(167, 50, 2027, 0, 0, '2015-08-16 09:21:44'),
(168, 74, 1989, 22, 1, '2015-08-16 09:21:44'),
(169, 50, 2036, 0, 0, '2015-08-16 09:21:44'),
(170, 72, 1993, 20, 1, '2015-08-16 09:21:44'),
(171, 8, 2056, 0, 0, '2015-08-16 09:21:45'),
(172, 95, 1983, 0, 0, '2015-08-16 09:21:45'),
(173, 8, 2064, 0, 0, '2015-08-16 09:21:45'),
(174, 5, 1983, 0, 0, '2015-08-16 09:21:45'),
(175, 79, 1999, 0, 0, '2015-08-16 09:21:46'),
(176, 78, 1942, 0, 0, '2015-08-16 09:21:46'),
(177, 8, 2072, 0, 0, '2015-08-16 09:21:46'),
(178, 79, 1991, 0, 0, '2015-08-16 09:21:46'),
(179, 95, 2001, 0, 0, '2015-08-16 09:21:46'),
(180, 78, 1924, 42, 1, '2015-08-16 09:21:47'),
(181, 5, 2004, 0, 0, '2015-08-16 09:21:47'),
(182, 95, 1980, 25, 1, '2015-08-16 09:21:47'),
(183, 5, 2023, 0, 0, '2015-08-16 09:21:48'),
(184, 79, 1981, 24, 1, '2015-08-16 09:21:48'),
(185, 6, 2009, 0, 0, '2015-08-16 09:21:48'),
(186, 96, 1980, 0, 0, '2015-08-16 09:21:48'),
(187, 6, 2019, 0, 0, '2015-08-16 09:21:48'),
(188, 92, 1981, 0, 0, '2015-08-16 09:21:48'),
(189, 27, 2076, 0, 0, '2015-08-16 09:21:48'),
(190, 81, 1992, 0, 0, '2015-08-16 09:21:49'),
(191, 27, 2084, 0, 0, '2015-08-16 09:21:49'),
(192, 6, 2011, 0, 0, '2015-08-16 09:21:49'),
(193, 96, 2001, 0, 0, '2015-08-16 09:21:49'),
(194, 81, 1982, 23, 1, '2015-08-16 09:21:49'),
(195, 96, 2020, 0, 0, '2015-08-16 09:21:49'),
(196, 92, 1962, 33, 1, '2015-08-16 09:21:49'),
(197, 6, 2021, 0, 0, '2015-08-16 09:21:49'),
(198, 96, 1999, 18, 1, '2015-08-16 09:21:49'),
(199, 7, 2057, 0, 0, '2015-08-16 09:21:50'),
(200, 48, 2038, 0, 0, '2015-08-16 09:21:50'),
(201, 42, 2058, 0, 0, '2015-08-16 09:21:50'),
(202, 8, 2061, 0, 0, '2015-08-16 09:21:50'),
(203, 27, 2093, 0, 0, '2015-08-16 09:21:50'),
(204, 7, 2048, 0, 0, '2015-08-16 09:21:50'),
(205, 11, 2061, 0, 0, '2015-08-16 09:21:51'),
(206, 42, 2048, 0, 0, '2015-08-16 09:21:51'),
(207, 27, 2102, 0, 0, '2015-08-16 09:21:51'),
(208, 11, 2052, 0, 0, '2015-08-16 09:21:52'),
(209, 8, 2070, 0, 0, '2015-08-16 09:21:52'),
(210, 94, 2003, 15, 1, '2015-08-16 09:21:52'),
(211, 50, 2046, 0, 0, '2015-08-16 09:21:52'),
(212, 5, 2004, 14, 1, '2015-08-16 09:21:53'),
(213, 93, 2045, 0, 0, '2015-08-16 09:21:53'),
(214, 48, 2028, 12, 1, '2015-08-16 09:21:53'),
(215, 49, 1988, 0, 0, '2015-08-16 09:21:53'),
(216, 6, 2010, 13, 1, '2015-08-16 09:21:53'),
(217, 8, 2079, 0, 0, '2015-08-16 09:21:54'),
(218, 50, 2037, 8, 1, '2015-08-16 09:21:54'),
(219, 49, 2000, 0, 0, '2015-08-16 09:21:54'),
(220, 93, 2033, 10, 1, '2015-08-16 09:21:55'),
(221, 8, 2088, 0, 0, '2015-08-16 09:21:55'),
(222, 7, 2039, 7, 1, '2015-08-16 09:21:55'),
(223, 42, 2057, 0, 0, '2015-08-16 09:21:55'),
(224, 49, 1991, 21, 1, '2015-08-16 09:21:55'),
(225, 8, 2097, 0, 0, '2015-08-16 09:21:56'),
(226, 42, 2048, 4, 1, '2015-08-16 09:21:56'),
(227, 8, 2106, 0, 0, '2015-08-16 09:21:56'),
(228, 11, 2043, 5, 1, '2015-08-16 09:21:56'),
(229, 27, 2112, 1, 1, '2015-08-16 09:21:56'),
(230, 8, 2096, 2, 1, '2015-08-16 09:21:56');

-- --------------------------------------------------------

--
-- Estructura de tabla para la tabla `jugador_ranking`
--

CREATE TABLE IF NOT EXISTS `jugador_ranking` (
`id` int(11) NOT NULL,
  `id_jugador` int(11) NOT NULL,
  `puntos` int(11) NOT NULL,
  `posicion` int(11) NOT NULL,
  `status` int(11) NOT NULL,
  `fecha` datetime NOT NULL
) ENGINE=InnoDB  DEFAULT CHARSET=utf8 COLLATE=utf8_spanish_ci AUTO_INCREMENT=72 ;

--
-- Volcado de datos para la tabla `jugador_ranking`
--

INSERT INTO `jugador_ranking` (`id`, `id_jugador`, `puntos`, `posicion`, `status`, `fecha`) VALUES
(1, 49, 1960, 29, 0, '2015-08-16 09:21:00'),
(2, 72, 1979, 21, 0, '2015-08-16 09:21:00'),
(3, 73, 1961, 22, 0, '2015-08-16 09:21:00'),
(4, 74, 1999, 16, 0, '2015-08-16 09:21:01'),
(5, 7, 2029, 9, 0, '2015-08-16 09:21:01'),
(6, 77, 1960, 25, 0, '2015-08-16 09:21:01'),
(7, 75, 1961, 23, 0, '2015-08-16 09:21:01'),
(8, 76, 1980, 20, 0, '2015-08-16 09:21:01'),
(9, 40, 1999, 14, 0, '2015-08-16 09:21:01'),
(10, 43, 2000, 12, 0, '2015-08-16 09:21:01'),
(11, 80, 1960, 28, 0, '2015-08-16 09:21:01'),
(12, 78, 1961, 24, 0, '2015-08-16 09:21:01'),
(13, 79, 1980, 19, 0, '2015-08-16 09:21:01'),
(14, 6, 1999, 15, 0, '2015-08-16 09:21:01'),
(15, 42, 2028, 11, 0, '2015-08-16 09:21:01'),
(16, 82, 1960, 27, 0, '2015-08-16 09:21:01'),
(17, 83, 1960, 26, 0, '2015-08-16 09:21:01'),
(18, 85, 1980, 18, 0, '2015-08-16 09:21:01'),
(19, 84, 1980, 17, 0, '2015-08-16 09:21:01'),
(20, 81, 2000, 13, 0, '2015-08-16 09:21:01'),
(21, 50, 2029, 10, 0, '2015-08-16 09:21:01'),
(22, 41, 2031, 7, 0, '2015-08-16 09:21:01'),
(23, 48, 2030, 8, 0, '2015-08-16 09:21:01'),
(24, 8, 2047, 3, 0, '2015-08-16 09:21:01'),
(25, 56, 2035, 5, 0, '2015-08-16 09:21:01'),
(26, 57, 2040, 4, 0, '2015-08-16 09:21:01'),
(27, 11, 2033, 6, 0, '2015-08-16 09:21:01'),
(28, 1, 2083, 1, 0, '2015-08-16 09:21:01'),
(29, 27, 2068, 2, 0, '2015-08-16 09:21:02'),
(30, 75, 1961, 34, 1, '2015-08-16 09:22:49'),
(31, 76, 1980, 26, 1, '2015-08-16 09:22:50'),
(32, 40, 1999, 17, 1, '2015-08-16 09:22:50'),
(33, 43, 2000, 16, 1, '2015-08-16 09:22:50'),
(34, 80, 1960, 37, 1, '2015-08-16 09:22:50'),
(35, 82, 1960, 35, 1, '2015-08-16 09:22:50'),
(36, 83, 1960, 36, 1, '2015-08-16 09:22:50'),
(37, 84, 1980, 27, 1, '2015-08-16 09:22:50'),
(38, 41, 2031, 11, 1, '2015-08-16 09:22:50'),
(39, 56, 2035, 9, 1, '2015-08-16 09:22:50'),
(40, 57, 2040, 6, 1, '2015-08-16 09:22:50'),
(41, 1, 2083, 3, 1, '2015-08-16 09:22:50'),
(42, 86, 1959, 38, 1, '2015-08-16 09:22:51'),
(43, 73, 1926, 41, 1, '2015-08-16 09:22:51'),
(44, 85, 1973, 30, 1, '2015-08-16 09:22:51'),
(45, 87, 1958, 39, 1, '2015-08-16 09:22:51'),
(46, 88, 1980, 28, 1, '2015-08-16 09:22:51'),
(47, 46, 1998, 19, 1, '2015-08-16 09:22:51'),
(48, 89, 1958, 40, 1, '2015-08-16 09:22:51'),
(49, 90, 1977, 29, 1, '2015-08-16 09:22:51'),
(50, 77, 1968, 31, 1, '2015-08-16 09:22:51'),
(51, 15, 1962, 32, 1, '2015-08-16 09:22:51'),
(52, 74, 1989, 22, 1, '2015-08-16 09:22:51'),
(53, 72, 1993, 20, 1, '2015-08-16 09:22:51'),
(54, 78, 1924, 42, 1, '2015-08-16 09:22:51'),
(55, 95, 1980, 25, 1, '2015-08-16 09:22:51'),
(56, 79, 1981, 24, 1, '2015-08-16 09:22:52'),
(57, 81, 1982, 23, 1, '2015-08-16 09:22:52'),
(58, 92, 1962, 33, 1, '2015-08-16 09:22:52'),
(59, 96, 1999, 18, 1, '2015-08-16 09:22:52'),
(60, 94, 2003, 15, 1, '2015-08-16 09:22:52'),
(61, 5, 2004, 14, 1, '2015-08-16 09:22:52'),
(62, 48, 2028, 12, 1, '2015-08-16 09:22:52'),
(63, 6, 2010, 13, 1, '2015-08-16 09:22:52'),
(64, 50, 2037, 8, 1, '2015-08-16 09:22:52'),
(65, 93, 2033, 10, 1, '2015-08-16 09:22:52'),
(66, 7, 2039, 7, 1, '2015-08-16 09:22:52'),
(67, 49, 1991, 21, 1, '2015-08-16 09:22:52'),
(68, 42, 2048, 4, 1, '2015-08-16 09:22:52'),
(69, 11, 2043, 5, 1, '2015-08-16 09:22:52'),
(70, 27, 2112, 1, 1, '2015-08-16 09:22:52'),
(71, 8, 2096, 2, 1, '2015-08-16 09:22:52');

-- --------------------------------------------------------

--
-- Estructura de tabla para la tabla `pais`
--

CREATE TABLE IF NOT EXISTS `pais` (
`id` int(11) NOT NULL,
  `nombre` varchar(100) COLLATE utf8_spanish2_ci NOT NULL,
  `imagen` varchar(50) COLLATE utf8_spanish2_ci DEFAULT NULL
) ENGINE=InnoDB  DEFAULT CHARSET=utf8 COLLATE=utf8_spanish2_ci AUTO_INCREMENT=7 ;

--
-- Volcado de datos para la tabla `pais`
--

INSERT INTO `pais` (`id`, `nombre`, `imagen`) VALUES
(5, 'Venezuela', 'Venezuela.png'),
(6, 'Colombia', 'Colombia.png');

-- --------------------------------------------------------

--
-- Estructura de tabla para la tabla `personaje`
--

CREATE TABLE IF NOT EXISTS `personaje` (
`id` int(11) NOT NULL,
  `nombre` varchar(50) COLLATE utf8_spanish2_ci NOT NULL,
  `imagen` varchar(50) COLLATE utf8_spanish2_ci DEFAULT NULL
) ENGINE=InnoDB  DEFAULT CHARSET=utf8 COLLATE=utf8_spanish2_ci AUTO_INCREMENT=27 ;

--
-- Volcado de datos para la tabla `personaje`
--

INSERT INTO `personaje` (`id`, `nombre`, `imagen`) VALUES
(1, 'Fox', 'FoxHeadSSBM.png'),
(2, 'Falco', 'FalcoHeadSSBM.png'),
(3, 'Samus', 'SamusHeadSSBM.png'),
(4, 'Bowser', 'BowserHeadSSBM.png'),
(5, 'Captain Falcon', 'CaptainFalconHeadSSBM.png'),
(6, 'Donkey Kong', 'DonkeyKongHeadSSBM.png'),
(7, 'Doctor Mario', 'DrMarioHeadSSBM.png'),
(8, 'Ganondorf', 'GanondorfHeadSSBM.png'),
(9, 'Ice Climbers', 'IceClimbersHeadSSBM.png'),
(10, 'Jigglypuff', 'JigglypuffHeadSSBM.png'),
(11, 'Kirby', 'KirbyHeadSSBM.png'),
(12, 'Link', 'LinkHeadSSBM.png'),
(13, 'Luigi', 'LuigiHeadSSBM.png'),
(14, 'Mario', 'MarioHeadSSBM.png'),
(15, 'Marth', 'MarthHeadSSBM.png'),
(16, 'Mewtwo', 'MewtwoHeadSSBM.png'),
(17, 'Mr Game & Watch', 'MrGame&WatchHeadSSBM.png'),
(18, 'Ness', 'NessHeadSSBM.png'),
(19, 'Peach', 'PeachHeadSSBM.png'),
(20, 'Pichu', 'PichuHeadSSBM.png'),
(21, 'Pikachu', 'PikachuHeadSSBM.png'),
(22, 'Roy', 'RoyHeadSSBM.png'),
(23, 'Sheik', 'SheikHeadSSBM.png'),
(24, 'Yoshi', 'YoshiHeadSSBM.png'),
(25, 'Young Link', 'YoungLinkHeadSSBM.png'),
(26, 'Zelda', 'ZeldaHeadSSBM.png');

-- --------------------------------------------------------

--
-- Estructura de tabla para la tabla `pvp_set`
--

CREATE TABLE IF NOT EXISTS `pvp_set` (
`id` int(11) NOT NULL,
  `id_jugador_1` int(11) NOT NULL,
  `id_jugador_2` int(11) NOT NULL,
  `id_jugador_ganador` int(11) NOT NULL,
  `id_torneo` int(11) NOT NULL,
  `ronda` varchar(50) COLLATE utf8_spanish2_ci NOT NULL,
  `elo_jugador_1` int(11) NOT NULL,
  `elo_jugador_2` int(11) NOT NULL,
  `numero_ronda` int(11) NOT NULL,
  `nuevo_elo_1` int(11) NOT NULL,
  `nuevo_elo_2` int(11) NOT NULL
) ENGINE=InnoDB  DEFAULT CHARSET=utf8 COLLATE=utf8_spanish2_ci AUTO_INCREMENT=845 ;

--
-- Volcado de datos para la tabla `pvp_set`
--

INSERT INTO `pvp_set` (`id`, `id_jugador_1`, `id_jugador_2`, `id_jugador_ganador`, `id_torneo`, `ronda`, `elo_jugador_1`, `elo_jugador_2`, `numero_ronda`, `nuevo_elo_1`, `nuevo_elo_2`) VALUES
(1, 3, 4, 3, 1, 'W16', 0, 0, 0, 0, 0),
(2, 2, 3, 3, 1, 'WQ', 0, 0, 0, 0, 0),
(3, 1, 3, 1, 1, 'WS', 0, 0, 0, 0, 0),
(4, 1, 12, 12, 1, 'WF', 0, 0, 0, 0, 0),
(5, 12, 11, 12, 1, 'GF', 0, 0, 0, 0, 0),
(6, 5, 1, 1, 1, 'WQ', 0, 0, 0, 0, 0),
(7, 7, 6, 7, 1, 'W16', 0, 0, 0, 0, 0),
(8, 7, 9, 7, 1, 'WQ', 0, 0, 0, 0, 0),
(9, 7, 12, 12, 1, 'WS', 0, 0, 0, 0, 0),
(10, 10, 11, 11, 1, 'W16', 0, 0, 0, 0, 0),
(11, 11, 12, 12, 1, 'WQ', 0, 0, 0, 0, 0),
(12, 4, 9, 9, 1, 'L12', 0, 0, 0, 0, 0),
(13, 11, 9, 11, 1, 'L8', 0, 0, 0, 0, 0),
(14, 11, 3, 11, 1, 'LQ', 0, 0, 0, 0, 0),
(15, 11, 7, 11, 1, 'LS', 0, 0, 0, 0, 0),
(16, 11, 1, 11, 1, 'LF', 0, 0, 0, 0, 0),
(17, 8, 7, 7, 1, 'LQ', 0, 0, 0, 0, 0),
(18, 8, 10, 8, 1, 'L8', 0, 0, 0, 0, 0),
(19, 8, 2, 8, 1, 'L12', 0, 0, 0, 0, 0),
(20, 10, 5, 10, 1, 'L12', 0, 0, 0, 0, 0),
(21, 9, 8, 9, 1, 'W16', 0, 0, 0, 0, 0),
(22, 8, 6, 8, 1, 'L16', 0, 0, 0, 0, 0),
(23, 2, 13, 2, 1, 'W16', 0, 0, 0, 0, 0),
(24, 5, 16, 5, 1, 'W16', 0, 0, 0, 0, 0),
(25, 1, 15, 1, 1, 'W16', 0, 0, 0, 0, 0),
(26, 12, 14, 12, 1, 'W16', 0, 0, 0, 0, 0),
(27, 4, 13, 4, 1, 'L16', 0, 0, 0, 0, 0),
(28, 16, 15, 16, 1, 'L16', 0, 0, 0, 0, 0),
(29, 10, 14, 10, 1, 'L16', 0, 0, 0, 0, 0),
(30, 11, 16, 11, 1, 'L12', 0, 0, 0, 0, 0),
(31, 9, 17, 9, 2, 'W1R', 0, 0, 0, 0, 0),
(32, 19, 18, 19, 2, 'W1R', 0, 0, 0, 0, 0),
(33, 20, 21, 20, 2, 'W1R', 0, 0, 0, 0, 0),
(34, 22, 36, 22, 2, 'W1R', 0, 0, 0, 0, 0),
(35, 23, 24, 23, 2, 'W1R', 0, 0, 0, 0, 0),
(36, 25, 39, 25, 2, 'W1R', 0, 0, 0, 0, 0),
(37, 12, 4, 12, 2, 'W1R', 0, 0, 0, 0, 0),
(38, 27, 26, 27, 2, 'W1R', 0, 0, 0, 0, 0),
(39, 28, 37, 28, 2, 'W1R', 0, 0, 0, 0, 0),
(40, 11, 29, 11, 2, 'W1R', 0, 0, 0, 0, 0),
(41, 30, 1, 30, 2, 'W1R', 0, 0, 0, 0, 0),
(42, 31, 38, 31, 2, 'W1R', 0, 0, 0, 0, 0),
(43, 32, 8, 32, 2, 'W1R', 0, 0, 0, 0, 0),
(44, 33, 34, 33, 2, 'W1R', 0, 0, 0, 0, 0),
(45, 9, 19, 9, 2, 'W16', 0, 0, 0, 0, 0),
(46, 20, 22, 20, 2, 'W16', 0, 0, 0, 0, 0),
(47, 23, 25, 23, 2, 'W16', 0, 0, 0, 0, 0),
(48, 12, 27, 12, 2, 'W16', 0, 0, 0, 0, 0),
(49, 28, 11, 28, 2, 'W16', 0, 0, 0, 0, 0),
(50, 30, 31, 30, 2, 'W16', 0, 0, 0, 0, 0),
(51, 32, 33, 32, 2, 'W16', 0, 0, 0, 0, 0),
(52, 9, 20, 9, 2, 'WQ', 0, 0, 0, 0, 0),
(53, 12, 23, 12, 2, 'WQ', 0, 0, 0, 0, 0),
(54, 30, 28, 30, 2, 'WQ', 0, 0, 0, 0, 0),
(55, 32, 35, 32, 2, 'WQ', 0, 0, 0, 0, 0),
(56, 12, 9, 12, 2, 'WS', 0, 0, 0, 0, 0),
(57, 30, 32, 30, 2, 'WS', 0, 0, 0, 0, 0),
(58, 30, 12, 30, 2, 'WF', 0, 0, 0, 0, 0),
(59, 30, 12, 30, 2, 'GF', 0, 0, 0, 0, 0),
(60, 17, 18, 17, 2, 'L1R', 0, 0, 0, 0, 0),
(61, 21, 36, 21, 2, 'L1R', 0, 0, 0, 0, 0),
(62, 24, 39, 24, 2, 'L1R', 0, 0, 0, 0, 0),
(63, 4, 26, 4, 2, 'L1R', 0, 0, 0, 0, 0),
(64, 29, 37, 29, 2, 'L1R', 0, 0, 0, 0, 0),
(65, 1, 38, 1, 2, 'L1R', 0, 0, 0, 0, 0),
(66, 8, 34, 8, 2, 'L1R', 0, 0, 0, 0, 0),
(67, 25, 17, 25, 2, 'L2R', 0, 0, 0, 0, 0),
(68, 21, 27, 21, 2, 'L2R', 0, 0, 0, 0, 0),
(69, 19, 24, 19, 2, 'L2R', 0, 0, 0, 0, 0),
(70, 22, 4, 22, 2, 'L2R', 0, 0, 0, 0, 0),
(71, 33, 29, 33, 2, 'L2R', 0, 0, 0, 0, 0),
(72, 11, 8, 11, 2, 'L2R', 0, 0, 0, 0, 0),
(73, 25, 21, 25, 2, 'L16', 0, 0, 0, 0, 0),
(74, 19, 22, 19, 2, 'L16', 0, 0, 0, 0, 0),
(75, 1, 33, 1, 2, 'L16', 0, 0, 0, 0, 0),
(76, 11, 31, 11, 2, 'L16', 0, 0, 0, 0, 0),
(77, 28, 25, 28, 2, 'L12', 0, 0, 0, 0, 0),
(78, 19, 35, 19, 2, 'L12', 0, 0, 0, 0, 0),
(79, 20, 1, 20, 2, 'L12', 0, 0, 0, 0, 0),
(80, 11, 23, 11, 2, 'L12', 0, 0, 0, 0, 0),
(81, 28, 19, 28, 2, 'L8', 0, 0, 0, 0, 0),
(82, 20, 11, 20, 2, 'L8', 0, 0, 0, 0, 0),
(83, 28, 9, 28, 2, 'LQ', 0, 0, 0, 0, 0),
(84, 20, 32, 20, 2, 'LQ', 0, 0, 0, 0, 0),
(85, 28, 20, 28, 2, 'LS', 0, 0, 0, 0, 0),
(86, 12, 28, 12, 2, 'LF', 0, 0, 0, 0, 0),
(87, 3, 41, 3, 3, 'WQ', 0, 0, 0, 0, 0),
(88, 40, 42, 40, 3, 'WQ', 0, 0, 0, 0, 0),
(89, 8, 43, 8, 3, 'WQ', 0, 0, 0, 0, 0),
(90, 30, 27, 30, 3, 'WQ', 0, 0, 0, 0, 0),
(91, 40, 3, 40, 3, 'WS', 0, 0, 0, 0, 0),
(92, 30, 8, 30, 3, 'WS', 0, 0, 0, 0, 0),
(93, 30, 40, 30, 3, 'WF', 0, 0, 0, 0, 0),
(94, 30, 40, 30, 3, 'GF', 0, 0, 0, 0, 0),
(95, 41, 42, 41, 3, 'L8', 0, 0, 0, 0, 0),
(96, 27, 43, 27, 3, 'L8', 0, 0, 0, 0, 0),
(97, 8, 41, 8, 3, 'LQ', 0, 0, 0, 0, 0),
(98, 3, 27, 3, 3, 'LQ', 0, 0, 0, 0, 0),
(99, 8, 3, 8, 3, 'LS', 0, 0, 0, 0, 0),
(100, 40, 8, 40, 3, 'LF', 0, 0, 0, 0, 0),
(101, 42, 44, 42, 4, 'W16', 0, 0, 0, 0, 0),
(102, 27, 45, 27, 4, 'W16', 0, 0, 0, 0, 0),
(103, 5, 41, 5, 4, 'W16', 0, 0, 0, 0, 0),
(104, 8, 47, 8, 4, 'W16', 0, 0, 0, 0, 0),
(105, 48, 6, 48, 4, 'W16', 0, 0, 0, 0, 0),
(106, 1, 42, 1, 4, 'WQ', 0, 0, 0, 0, 0),
(107, 27, 11, 27, 4, 'WQ', 0, 0, 0, 0, 0),
(108, 46, 5, 46, 4, 'WQ', 0, 0, 0, 0, 0),
(109, 8, 48, 8, 4, 'WQ', 0, 0, 0, 0, 0),
(110, 1, 27, 1, 4, 'WS', 0, 0, 0, 0, 0),
(111, 8, 46, 8, 4, 'WS', 0, 0, 0, 0, 0),
(112, 1, 8, 1, 4, 'WF', 0, 0, 0, 0, 0),
(113, 1, 27, 1, 4, 'GF', 0, 0, 0, 0, 0),
(114, 6, 47, 6, 4, 'L16', 0, 0, 0, 0, 0),
(115, 5, 44, 5, 4, 'L12', 0, 0, 0, 0, 0),
(116, 48, 45, 48, 4, 'L12', 0, 0, 0, 0, 0),
(117, 41, 42, 41, 4, 'L12', 0, 0, 0, 0, 0),
(118, 11, 6, 11, 4, 'L12', 0, 0, 0, 0, 0),
(119, 48, 5, 48, 4, 'L8', 0, 0, 0, 0, 0),
(120, 11, 41, 11, 4, 'L8', 0, 0, 0, 0, 0),
(121, 27, 48, 27, 4, 'LQ', 0, 0, 0, 0, 0),
(122, 11, 46, 11, 4, 'LQ', 0, 0, 0, 0, 0),
(123, 27, 11, 27, 4, 'LS', 0, 0, 0, 0, 0),
(124, 27, 8, 27, 4, 'LF', 0, 0, 0, 0, 0),
(125, 45, 41, 45, 5, 'WQ', 0, 0, 0, 0, 0),
(126, 1, 42, 1, 5, 'WQ', 0, 0, 0, 0, 0),
(127, 40, 46, 40, 5, 'WQ', 0, 0, 0, 0, 0),
(128, 11, 5, 11, 5, 'WQ', 0, 0, 0, 0, 0),
(129, 1, 45, 1, 5, 'WS', 0, 0, 0, 0, 0),
(130, 11, 40, 11, 5, 'WS', 0, 0, 0, 0, 0),
(131, 1, 11, 1, 5, 'WF', 0, 0, 0, 0, 0),
(132, 1, 40, 1, 5, 'GF', 0, 0, 0, 0, 0),
(133, 42, 41, 42, 5, 'L8', 0, 0, 0, 0, 0),
(134, 46, 5, 46, 5, 'L8', 0, 0, 0, 0, 0),
(135, 40, 42, 40, 5, 'LQ', 0, 0, 0, 0, 0),
(136, 45, 46, 45, 5, 'LQ', 0, 0, 0, 0, 0),
(137, 40, 45, 40, 5, 'LS', 0, 0, 0, 0, 0),
(138, 40, 11, 40, 5, 'LF', 0, 0, 0, 0, 0),
(139, 8, 49, 8, 6, 'WQ', 0, 0, 0, 0, 0),
(140, 27, 42, 27, 6, 'WQ', 0, 0, 0, 0, 0),
(141, 40, 11, 40, 6, 'WQ', 0, 0, 0, 0, 0),
(142, 1, 50, 1, 6, 'WQ', 0, 0, 0, 0, 0),
(143, 8, 27, 8, 6, 'WS', 0, 0, 0, 0, 0),
(144, 1, 40, 1, 6, 'WS', 0, 0, 0, 0, 0),
(145, 1, 8, 1, 6, 'WF', 0, 0, 0, 0, 0),
(146, 1, 40, 1, 6, 'GF', 0, 0, 0, 0, 0),
(147, 42, 49, 42, 6, 'L8', 0, 0, 0, 0, 0),
(148, 11, 50, 11, 6, 'L8', 0, 0, 0, 0, 0),
(149, 40, 42, 40, 6, 'LQ', 0, 0, 0, 0, 0),
(150, 27, 11, 27, 6, 'LQ', 0, 0, 0, 0, 0),
(151, 40, 27, 40, 6, 'LS', 0, 0, 0, 0, 0),
(152, 40, 8, 40, 6, 'LF', 0, 0, 0, 0, 0),
(153, 1, 44, 1, 7, 'W16', 0, 0, 0, 0, 0),
(154, 1, 46, 1, 7, 'WQ', 0, 0, 0, 0, 0),
(155, 48, 8, 48, 7, 'WQ', 0, 0, 0, 0, 0),
(156, 41, 42, 41, 7, 'WQ', 0, 0, 0, 0, 0),
(157, 11, 27, 11, 7, 'WQ', 0, 0, 0, 0, 0),
(158, 1, 48, 1, 7, 'WS', 0, 0, 0, 0, 0),
(159, 11, 41, 11, 7, 'WS', 0, 0, 0, 0, 0),
(160, 11, 1, 11, 7, 'WF', 0, 0, 0, 0, 0),
(161, 11, 1, 11, 7, 'GF', 0, 0, 0, 0, 0),
(162, 44, 42, 44, 7, 'L12', 0, 0, 0, 0, 0),
(163, 27, 44, 27, 7, 'L8', 0, 0, 0, 0, 0),
(164, 46, 8, 46, 7, 'L8', 0, 0, 0, 0, 0),
(165, 41, 46, 41, 7, 'LQ', 0, 0, 0, 0, 0),
(166, 48, 27, 48, 7, 'LQ', 0, 0, 0, 0, 0),
(167, 48, 41, 48, 7, 'LS', 0, 0, 0, 0, 0),
(168, 1, 48, 1, 7, 'LF', 0, 0, 0, 0, 0),
(169, 42, 51, 42, 8, 'W1R', 0, 0, 0, 0, 0),
(170, 46, 3, 46, 8, 'W1R', 0, 0, 0, 0, 0),
(171, 53, 18, 53, 8, 'W1R', 0, 0, 0, 0, 0),
(172, 8, 49, 8, 8, 'W1R', 0, 0, 0, 0, 0),
(173, 42, 28, 42, 8, 'W16', 0, 0, 0, 0, 0),
(174, 11, 52, 11, 8, 'W16', 0, 0, 0, 0, 0),
(175, 46, 2, 46, 8, 'W16', 0, 0, 0, 0, 0),
(176, 48, 41, 48, 8, 'W16', 0, 0, 0, 0, 0),
(177, 7, 53, 7, 8, 'W16', 0, 0, 0, 0, 0),
(178, 44, 54, 44, 8, 'W16', 0, 0, 0, 0, 0),
(179, 8, 6, 8, 8, 'W16', 0, 0, 0, 0, 0),
(180, 1, 45, 1, 8, 'W16', 0, 0, 0, 0, 0),
(181, 11, 42, 11, 8, 'WQ', 0, 0, 0, 0, 0),
(182, 48, 46, 48, 8, 'WQ', 0, 0, 0, 0, 0),
(183, 7, 44, 7, 8, 'WQ', 0, 0, 0, 0, 0),
(184, 1, 8, 1, 8, 'WQ', 0, 0, 0, 0, 0),
(185, 48, 11, 48, 8, 'WS', 0, 0, 0, 0, 0),
(186, 1, 7, 1, 8, 'WS', 0, 0, 0, 0, 0),
(187, 1, 48, 1, 8, 'WF', 0, 0, 0, 0, 0),
(188, 1, 48, 1, 8, 'GF', 0, 0, 0, 0, 0),
(189, 51, 2, 51, 8, 'L1R', 0, 0, 0, 0, 0),
(190, 28, 3, 28, 8, 'L1R', 0, 0, 0, 0, 0),
(191, 6, 18, 6, 8, 'L1R', 0, 0, 0, 0, 0),
(192, 53, 49, 53, 8, 'L1R', 0, 0, 0, 0, 0),
(193, 41, 51, 41, 8, 'L16', 0, 0, 0, 0, 0),
(194, 28, 52, 28, 8, 'L16', 0, 0, 0, 0, 0),
(195, 6, 45, 6, 8, 'L16', 0, 0, 0, 0, 0),
(196, 53, 54, 53, 8, 'L16', 0, 0, 0, 0, 0),
(197, 41, 44, 41, 8, 'L12', 0, 0, 0, 0, 0),
(198, 8, 28, 8, 8, 'L12', 0, 0, 0, 0, 0),
(199, 42, 45, 42, 8, 'L12', 0, 0, 0, 0, 0),
(200, 46, 53, 46, 8, 'L12', 0, 0, 0, 0, 0),
(201, 8, 41, 8, 8, 'L8', 0, 0, 0, 0, 0),
(202, 46, 42, 46, 8, 'L8', 0, 0, 0, 0, 0),
(203, 8, 11, 8, 8, 'LQ', 0, 0, 0, 0, 0),
(204, 7, 46, 7, 8, 'LQ', 0, 0, 0, 0, 0),
(205, 8, 7, 8, 8, 'LS', 0, 0, 0, 0, 0),
(206, 48, 8, 48, 8, 'LF', 0, 0, 0, 0, 0),
(207, 1, 27, 1, 9, 'RR', 0, 0, 0, 0, 0),
(208, 1, 8, 1, 9, 'RR', 0, 0, 0, 0, 0),
(209, 1, 55, 1, 9, 'RR', 0, 0, 0, 0, 0),
(210, 1, 52, 1, 9, 'RR', 0, 0, 0, 0, 0),
(211, 1, 44, 1, 9, 'RR', 0, 0, 0, 0, 0),
(212, 1, 40, 1, 9, 'RR', 0, 0, 0, 0, 0),
(213, 41, 1, 41, 9, 'RR', 0, 0, 0, 0, 0),
(214, 1, 11, 1, 9, 'RR', 0, 0, 0, 0, 0),
(215, 1, 48, 1, 9, 'RR', 0, 0, 0, 0, 0),
(216, 1, 6, 1, 9, 'RR', 0, 0, 0, 0, 0),
(217, 1, 49, 1, 9, 'RR', 0, 0, 0, 0, 0),
(218, 27, 8, 27, 9, 'RR', 0, 0, 0, 0, 0),
(219, 27, 55, 27, 9, 'RR', 0, 0, 0, 0, 0),
(220, 27, 52, 27, 9, 'RR', 0, 0, 0, 0, 0),
(221, 27, 44, 27, 9, 'RR', 0, 0, 0, 0, 0),
(222, 27, 40, 27, 9, 'RR', 0, 0, 0, 0, 0),
(223, 27, 41, 27, 9, 'RR', 0, 0, 0, 0, 0),
(224, 27, 11, 11, 9, 'RR', 0, 0, 0, 0, 0),
(225, 27, 48, 48, 9, 'RR', 0, 0, 0, 0, 0),
(226, 27, 6, 27, 9, 'RR', 0, 0, 0, 0, 0),
(227, 27, 49, 27, 9, 'RR', 0, 0, 0, 0, 0),
(228, 8, 55, 8, 9, 'RR', 0, 0, 0, 0, 0),
(229, 8, 52, 8, 9, 'RR', 0, 0, 0, 0, 0),
(230, 8, 44, 8, 9, 'RR', 0, 0, 0, 0, 0),
(231, 8, 40, 8, 9, 'RR', 0, 0, 0, 0, 0),
(232, 8, 41, 8, 9, 'RR', 0, 0, 0, 0, 0),
(233, 8, 11, 8, 9, 'RR', 0, 0, 0, 0, 0),
(234, 8, 48, 8, 9, 'RR', 0, 0, 0, 0, 0),
(235, 8, 6, 8, 9, 'RR', 0, 0, 0, 0, 0),
(236, 8, 49, 8, 9, 'RR', 0, 0, 0, 0, 0),
(237, 55, 52, 55, 9, 'RR', 0, 0, 0, 0, 0),
(238, 55, 44, 44, 9, 'RR', 0, 0, 0, 0, 0),
(239, 55, 40, 40, 9, 'RR', 0, 0, 0, 0, 0),
(240, 55, 41, 41, 9, 'RR', 0, 0, 0, 0, 0),
(241, 55, 11, 11, 9, 'RR', 0, 0, 0, 0, 0),
(242, 55, 48, 48, 9, 'RR', 0, 0, 0, 0, 0),
(243, 55, 6, 55, 9, 'RR', 0, 0, 0, 0, 0),
(244, 55, 49, 49, 9, 'RR', 0, 0, 0, 0, 0),
(245, 52, 44, 44, 9, 'RR', 0, 0, 0, 0, 0),
(246, 52, 40, 40, 9, 'RR', 0, 0, 0, 0, 0),
(247, 52, 41, 41, 9, 'RR', 0, 0, 0, 0, 0),
(248, 52, 11, 11, 9, 'RR', 0, 0, 0, 0, 0),
(249, 52, 48, 48, 9, 'RR', 0, 0, 0, 0, 0),
(250, 52, 6, 6, 9, 'RR', 0, 0, 0, 0, 0),
(251, 52, 49, 49, 9, 'RR', 0, 0, 0, 0, 0),
(252, 44, 40, 40, 9, 'RR', 0, 0, 0, 0, 0),
(253, 44, 41, 41, 9, 'RR', 0, 0, 0, 0, 0),
(254, 44, 11, 11, 9, 'RR', 0, 0, 0, 0, 0),
(255, 44, 48, 44, 9, 'RR', 0, 0, 0, 0, 0),
(256, 44, 6, 44, 9, 'RR', 0, 0, 0, 0, 0),
(257, 44, 49, 44, 9, 'RR', 0, 0, 0, 0, 0),
(258, 40, 41, 40, 9, 'RR', 0, 0, 0, 0, 0),
(259, 40, 11, 11, 9, 'RR', 0, 0, 0, 0, 0),
(260, 40, 48, 48, 9, 'RR', 0, 0, 0, 0, 0),
(261, 40, 6, 40, 9, 'RR', 0, 0, 0, 0, 0),
(262, 40, 49, 40, 9, 'RR', 0, 0, 0, 0, 0),
(263, 41, 11, 41, 9, 'RR', 0, 0, 0, 0, 0),
(264, 41, 48, 48, 9, 'RR', 0, 0, 0, 0, 0),
(265, 41, 6, 41, 9, 'RR', 0, 0, 0, 0, 0),
(266, 41, 49, 41, 9, 'RR', 0, 0, 0, 0, 0),
(267, 11, 48, 48, 9, 'RR', 0, 0, 0, 0, 0),
(268, 11, 6, 11, 9, 'RR', 0, 0, 0, 0, 0),
(269, 11, 49, 11, 9, 'RR', 0, 0, 0, 0, 0),
(270, 48, 6, 48, 9, 'RR', 0, 0, 0, 0, 0),
(271, 48, 49, 48, 9, 'RR', 0, 0, 0, 0, 0),
(272, 6, 49, 49, 9, 'RR', 0, 0, 0, 0, 0),
(273, 28, 50, 28, 10, 'W1R', 0, 0, 0, 0, 0),
(274, 23, 49, 23, 10, 'W1R', 0, 0, 0, 0, 0),
(275, 1, 57, 1, 10, 'W1R', 0, 0, 0, 0, 0),
(276, 8, 28, 8, 10, 'W16', 0, 0, 0, 0, 0),
(277, 6, 42, 6, 10, 'W16', 0, 0, 0, 0, 0),
(278, 41, 58, 41, 10, 'W16', 0, 0, 0, 0, 0),
(279, 56, 27, 56, 10, 'W16', 0, 0, 0, 0, 0),
(280, 23, 55, 23, 10, 'W16', 0, 0, 0, 0, 0),
(281, 48, 40, 48, 10, 'W16', 0, 0, 0, 0, 0),
(282, 1, 44, 1, 10, 'W16', 0, 0, 0, 0, 0),
(283, 46, 52, 46, 10, 'W16', 0, 0, 0, 0, 0),
(284, 8, 6, 8, 10, 'WQ', 0, 0, 0, 0, 0),
(285, 41, 56, 41, 10, 'WQ', 0, 0, 0, 0, 0),
(286, 23, 48, 23, 10, 'WQ', 0, 0, 0, 0, 0),
(287, 1, 46, 1, 10, 'WQ', 0, 0, 0, 0, 0),
(288, 8, 41, 8, 10, 'WS', 0, 0, 0, 0, 0),
(289, 1, 23, 1, 10, 'WS', 0, 0, 0, 0, 0),
(290, 1, 8, 1, 10, 'WF', 0, 0, 0, 0, 0),
(291, 1, 28, 1, 10, 'GF', 0, 0, 0, 0, 0),
(292, 58, 50, 58, 10, 'L1R', 0, 0, 0, 0, 0),
(293, 44, 49, 44, 10, 'L1R', 0, 0, 0, 0, 0),
(294, 57, 55, 57, 10, 'L1R', 0, 0, 0, 0, 0),
(295, 27, 58, 27, 10, 'L16', 0, 0, 0, 0, 0),
(296, 28, 42, 28, 10, 'L16', 0, 0, 0, 0, 0),
(297, 44, 52, 44, 10, 'L16', 0, 0, 0, 0, 0),
(298, 40, 57, 40, 10, 'L16', 0, 0, 0, 0, 0),
(299, 48, 27, 48, 10, 'L12', 0, 0, 0, 0, 0),
(300, 28, 46, 28, 10, 'L12', 0, 0, 0, 0, 0),
(301, 44, 6, 44, 10, 'L12', 0, 0, 0, 0, 0),
(302, 56, 40, 56, 10, 'L12', 0, 0, 0, 0, 0),
(303, 28, 48, 28, 10, 'L8', 0, 0, 0, 0, 0),
(304, 56, 44, 56, 10, 'L8', 0, 0, 0, 0, 0),
(305, 28, 41, 28, 10, 'LQ', 0, 0, 0, 0, 0),
(306, 23, 56, 23, 10, 'LQ', 0, 0, 0, 0, 0),
(307, 28, 23, 28, 10, 'LS', 0, 0, 0, 0, 0),
(308, 28, 8, 28, 10, 'LF', 0, 0, 0, 0, 0),
(309, 25, 60, 25, 11, 'W1R', 0, 0, 0, 0, 0),
(310, 62, 63, 62, 11, 'W1R', 0, 0, 0, 0, 0),
(311, 1, 59, 1, 11, 'W16', 0, 0, 0, 0, 0),
(312, 42, 52, 42, 11, 'W16', 0, 0, 0, 0, 0),
(313, 28, 25, 28, 11, 'W16', 0, 0, 0, 0, 0),
(314, 41, 40, 41, 11, 'W16', 0, 0, 0, 0, 0),
(315, 8, 61, 8, 11, 'W16', 0, 0, 0, 0, 0),
(316, 23, 44, 23, 11, 'W16', 0, 0, 0, 0, 0),
(317, 48, 62, 48, 11, 'W16', 0, 0, 0, 0, 0),
(318, 27, 6, 27, 11, 'W16', 0, 0, 0, 0, 0),
(319, 1, 42, 1, 11, 'WQ', 0, 0, 0, 0, 0),
(320, 28, 41, 28, 11, 'WQ', 0, 0, 0, 0, 0),
(321, 23, 8, 23, 11, 'WQ', 0, 0, 0, 0, 0),
(322, 27, 48, 27, 11, 'WQ', 0, 0, 0, 0, 0),
(323, 1, 28, 1, 11, 'WS', 0, 0, 0, 0, 0),
(324, 23, 27, 23, 11, 'WS', 0, 0, 0, 0, 0),
(325, 1, 23, 1, 11, 'WF', 0, 0, 0, 0, 0),
(326, 1, 23, 1, 11, 'GF', 0, 0, 0, 0, 0),
(327, 60, 59, 60, 11, 'L1R', 0, 0, 0, 0, 0),
(328, 61, 63, 61, 11, 'L1R', 0, 0, 0, 0, 0),
(329, 40, 25, 40, 11, 'L16', 0, 0, 0, 0, 0),
(330, 52, 60, 52, 11, 'L16', 0, 0, 0, 0, 0),
(331, 6, 62, 6, 11, 'L16', 0, 0, 0, 0, 0),
(332, 44, 61, 44, 11, 'L16', 0, 0, 0, 0, 0),
(333, 8, 40, 8, 11, 'L12', 0, 0, 0, 0, 0),
(334, 48, 52, 48, 11, 'L12', 0, 0, 0, 0, 0),
(335, 42, 6, 42, 11, 'L12', 0, 0, 0, 0, 0),
(336, 41, 44, 41, 11, 'L12', 0, 0, 0, 0, 0),
(337, 48, 8, 48, 11, 'L8', 0, 0, 0, 0, 0),
(338, 41, 42, 41, 11, 'L8', 0, 0, 0, 0, 0),
(339, 48, 28, 48, 11, 'LQ', 0, 0, 0, 0, 0),
(340, 41, 27, 41, 11, 'LQ', 0, 0, 0, 0, 0),
(341, 41, 48, 41, 11, 'LS', 0, 0, 0, 0, 0),
(342, 23, 41, 23, 11, 'LF', 0, 0, 0, 0, 0),
(343, 23, 42, 23, 12, 'W16', 0, 0, 0, 0, 0),
(344, 5, 58, 5, 12, 'W16', 0, 0, 0, 0, 0),
(345, 28, 46, 28, 12, 'W16', 0, 0, 0, 0, 0),
(346, 23, 41, 23, 12, 'WQ', 0, 0, 0, 0, 0),
(347, 1, 57, 1, 12, 'WQ', 0, 0, 0, 0, 0),
(348, 8, 5, 8, 12, 'WQ', 0, 0, 0, 0, 0),
(349, 40, 28, 40, 12, 'WQ', 0, 0, 0, 0, 0),
(350, 1, 23, 1, 12, 'WS', 0, 0, 0, 0, 0),
(351, 8, 40, 8, 12, 'WS', 0, 0, 0, 0, 0),
(352, 1, 8, 1, 12, 'WF', 0, 0, 0, 0, 0),
(353, 1, 8, 1, 12, 'GF', 0, 0, 0, 0, 0),
(354, 5, 42, 5, 12, 'L12', 0, 0, 0, 0, 0),
(355, 58, 41, 58, 12, 'L12', 0, 0, 0, 0, 0),
(356, 57, 46, 57, 12, 'L12', 0, 0, 0, 0, 0),
(357, 28, 5, 28, 12, 'L8', 0, 0, 0, 0, 0),
(358, 57, 58, 57, 12, 'L8', 0, 0, 0, 0, 0),
(359, 23, 28, 23, 12, 'LQ', 0, 0, 0, 0, 0),
(360, 57, 40, 57, 12, 'LQ', 0, 0, 0, 0, 0),
(361, 23, 57, 23, 12, 'LS', 0, 0, 0, 0, 0),
(362, 8, 23, 8, 12, 'LF', 0, 0, 0, 0, 0),
(363, 11, 64, 11, 13, 'W1R', 0, 0, 0, 0, 0),
(364, 1, 11, 1, 13, 'W16', 0, 0, 0, 0, 0),
(365, 65, 29, 65, 13, 'W16', 0, 0, 0, 0, 0),
(366, 56, 32, 56, 13, 'W16', 0, 0, 0, 0, 0),
(367, 19, 66, 19, 13, 'W16', 0, 0, 0, 0, 0),
(368, 30, 42, 30, 13, 'W16', 0, 0, 0, 0, 0),
(369, 22, 9, 22, 13, 'W16', 0, 0, 0, 0, 0),
(370, 23, 58, 23, 13, 'W16', 0, 0, 0, 0, 0),
(371, 28, 67, 28, 13, 'W16', 0, 0, 0, 0, 0),
(372, 1, 65, 1, 13, 'WQ', 0, 0, 0, 0, 0),
(373, 56, 19, 56, 13, 'WQ', 0, 0, 0, 0, 0),
(374, 30, 22, 30, 13, 'WQ', 0, 0, 0, 0, 0),
(375, 28, 23, 28, 13, 'WQ', 0, 0, 0, 0, 0),
(376, 1, 56, 1, 13, 'WS', 0, 0, 0, 0, 0),
(377, 28, 30, 28, 13, 'WS', 0, 0, 0, 0, 0),
(378, 1, 28, 1, 13, 'WF', 0, 0, 0, 0, 0),
(379, 1, 56, 1, 13, 'GF', 0, 0, 0, 0, 0),
(380, 32, 64, 32, 13, 'L1R', 0, 0, 0, 0, 0),
(381, 32, 66, 32, 13, 'L16', 0, 0, 0, 0, 0),
(382, 11, 29, 11, 13, 'L16', 0, 0, 0, 0, 0),
(383, 67, 58, 67, 13, 'L16', 0, 0, 0, 0, 0),
(384, 9, 42, 9, 13, 'L16', 0, 0, 0, 0, 0),
(385, 32, 22, 32, 13, 'L12', 0, 0, 0, 0, 0),
(386, 23, 11, 23, 13, 'L12', 0, 0, 0, 0, 0),
(387, 67, 65, 67, 13, 'L12', 0, 0, 0, 0, 0),
(388, 19, 9, 19, 13, 'L12', 0, 0, 0, 0, 0),
(389, 32, 23, 32, 13, 'L8', 0, 0, 0, 0, 0),
(390, 67, 19, 67, 13, 'L8', 0, 0, 0, 0, 0),
(391, 56, 32, 56, 13, 'LQ', 0, 0, 0, 0, 0),
(392, 30, 67, 30, 13, 'LQ', 0, 0, 0, 0, 0),
(393, 56, 30, 56, 13, 'LS', 0, 0, 0, 0, 0),
(394, 56, 28, 56, 13, 'LF (Forfeit)', 0, 0, 0, 0, 0),
(395, 52, 28, 28, 14, 'RR', 0, 0, 0, 0, 0),
(396, 52, 41, 41, 14, 'RR', 0, 0, 0, 0, 0),
(397, 52, 27, 27, 14, 'RR', 0, 0, 0, 0, 0),
(398, 52, 44, 44, 14, 'RR', 0, 0, 0, 0, 0),
(399, 52, 11, 11, 14, 'RR', 0, 0, 0, 0, 0),
(400, 52, 45, 45, 14, 'RR', 0, 0, 0, 0, 0),
(401, 52, 42, 42, 14, 'RR', 0, 0, 0, 0, 0),
(402, 52, 46, 46, 14, 'RR', 0, 0, 0, 0, 0),
(403, 52, 23, 23, 14, 'RR', 0, 0, 0, 0, 0),
(404, 52, 57, 57, 14, 'RR', 0, 0, 0, 0, 0),
(405, 52, 49, 49, 14, 'RR', 0, 0, 0, 0, 0),
(406, 28, 41, 28, 14, 'RR', 0, 0, 0, 0, 0),
(407, 28, 27, 28, 14, 'RR', 0, 0, 0, 0, 0),
(408, 28, 44, 44, 14, 'RR', 0, 0, 0, 0, 0),
(409, 28, 11, 28, 14, 'RR', 0, 0, 0, 0, 0),
(410, 28, 45, 28, 14, 'RR', 0, 0, 0, 0, 0),
(411, 28, 42, 28, 14, 'RR', 0, 0, 0, 0, 0),
(412, 28, 46, 28, 14, 'RR', 0, 0, 0, 0, 0),
(413, 28, 23, 23, 14, 'RR', 0, 0, 0, 0, 0),
(414, 28, 57, 28, 14, 'RR', 0, 0, 0, 0, 0),
(415, 28, 49, 49, 14, 'RR', 0, 0, 0, 0, 0),
(416, 41, 27, 27, 14, 'RR', 0, 0, 0, 0, 0),
(417, 41, 44, 41, 14, 'RR', 0, 0, 0, 0, 0),
(418, 41, 11, 11, 14, 'RR', 0, 0, 0, 0, 0),
(419, 41, 45, 41, 14, 'RR', 0, 0, 0, 0, 0),
(420, 41, 42, 41, 14, 'RR', 0, 0, 0, 0, 0),
(421, 41, 46, 41, 14, 'RR', 0, 0, 0, 0, 0),
(422, 41, 23, 23, 14, 'RR', 0, 0, 0, 0, 0),
(423, 41, 57, 57, 14, 'RR', 0, 0, 0, 0, 0),
(424, 41, 49, 41, 14, 'RR', 0, 0, 0, 0, 0),
(425, 27, 44, 27, 14, 'RR', 0, 0, 0, 0, 0),
(426, 27, 11, 11, 14, 'RR', 0, 0, 0, 0, 0),
(427, 27, 45, 27, 14, 'RR', 0, 0, 0, 0, 0),
(428, 27, 42, 27, 14, 'RR', 0, 0, 0, 0, 0),
(429, 27, 46, 27, 14, 'RR', 0, 0, 0, 0, 0),
(430, 27, 23, 23, 14, 'RR', 0, 0, 0, 0, 0),
(431, 27, 57, 57, 14, 'RR', 0, 0, 0, 0, 0),
(432, 27, 49, 27, 14, 'RR', 0, 0, 0, 0, 0),
(433, 44, 11, 11, 14, 'RR', 0, 0, 0, 0, 0),
(434, 44, 45, 45, 14, 'RR', 0, 0, 0, 0, 0),
(435, 44, 42, 42, 14, 'RR', 0, 0, 0, 0, 0),
(436, 44, 46, 46, 14, 'RR', 0, 0, 0, 0, 0),
(437, 44, 23, 23, 14, 'RR', 0, 0, 0, 0, 0),
(438, 44, 57, 44, 14, 'RR', 0, 0, 0, 0, 0),
(439, 44, 49, 49, 14, 'RR', 0, 0, 0, 0, 0),
(440, 11, 45, 11, 14, 'RR', 0, 0, 0, 0, 0),
(441, 11, 42, 11, 14, 'RR', 0, 0, 0, 0, 0),
(442, 11, 46, 11, 14, 'RR', 0, 0, 0, 0, 0),
(443, 11, 23, 11, 14, 'RR', 0, 0, 0, 0, 0),
(444, 11, 57, 11, 14, 'RR', 0, 0, 0, 0, 0),
(445, 11, 49, 11, 14, 'RR', 0, 0, 0, 0, 0),
(446, 45, 42, 45, 14, 'RR', 0, 0, 0, 0, 0),
(447, 45, 46, 45, 14, 'RR', 0, 0, 0, 0, 0),
(448, 45, 23, 45, 14, 'RR', 0, 0, 0, 0, 0),
(449, 45, 57, 57, 14, 'RR', 0, 0, 0, 0, 0),
(450, 45, 49, 49, 14, 'RR', 0, 0, 0, 0, 0),
(451, 42, 46, 46, 14, 'RR', 0, 0, 0, 0, 0),
(452, 42, 23, 23, 14, 'RR', 0, 0, 0, 0, 0),
(453, 42, 57, 57, 14, 'RR', 0, 0, 0, 0, 0),
(454, 42, 49, 49, 14, 'RR', 0, 0, 0, 0, 0),
(455, 46, 23, 23, 14, 'RR', 0, 0, 0, 0, 0),
(456, 46, 57, 46, 14, 'RR', 0, 0, 0, 0, 0),
(457, 46, 49, 49, 14, 'RR', 0, 0, 0, 0, 0),
(458, 23, 57, 57, 14, 'RR', 0, 0, 0, 0, 0),
(459, 23, 49, 23, 14, 'RR', 0, 0, 0, 0, 0),
(460, 57, 49, 57, 14, 'RR', 0, 0, 0, 0, 0),
(461, 11, 23, 11, 14, 'WF', 0, 0, 0, 0, 0),
(462, 28, 11, 28, 14, 'GF', 0, 0, 0, 0, 0),
(463, 28, 11, 28, 14, 'GF2', 0, 0, 0, 0, 0),
(464, 28, 57, 28, 14, 'LS', 0, 0, 0, 0, 0),
(465, 28, 23, 28, 14, 'LF', 0, 0, 0, 0, 0),
(466, 45, 14, 45, 15, 'W16', 0, 0, 0, 0, 0),
(467, 48, 41, 48, 15, 'W16', 0, 0, 0, 0, 0),
(468, 1, 7, 1, 15, 'W16', 0, 0, 0, 0, 0),
(469, 8, 46, 8, 15, 'W16', 0, 0, 0, 0, 0),
(470, 42, 49, 42, 15, 'W16', 0, 0, 0, 0, 0),
(471, 57, 5, 57, 15, 'W16', 0, 0, 0, 0, 0),
(472, 50, 6, 50, 15, 'W16', 0, 0, 0, 0, 0),
(473, 11, 45, 11, 15, 'WQ', 0, 0, 0, 0, 0),
(474, 1, 48, 1, 15, 'WQ', 0, 0, 0, 0, 0),
(475, 8, 42, 8, 15, 'WQ', 0, 0, 0, 0, 0),
(476, 57, 50, 57, 15, 'WQ', 0, 0, 0, 0, 0),
(477, 1, 11, 1, 15, 'WS', 0, 0, 0, 0, 0),
(478, 57, 8, 57, 15, 'WS', 0, 0, 0, 0, 0),
(479, 1, 57, 1, 15, 'WF', 0, 0, 0, 0, 0),
(480, 1, 11, 1, 15, 'GF', 0, 0, 0, 0, 0),
(481, 41, 7, 41, 15, 'L16', 0, 0, 0, 0, 0),
(482, 46, 49, 46, 15, 'L16', 0, 0, 0, 0, 0),
(483, 5, 6, 5, 15, 'L16', 0, 0, 0, 0, 0),
(484, 42, 14, 42, 15, 'L12', 0, 0, 0, 0, 0),
(485, 41, 50, 41, 15, 'L12', 0, 0, 0, 0, 0),
(486, 46, 45, 46, 15, 'L12', 0, 0, 0, 0, 0),
(487, 48, 5, 48, 15, 'L12', 0, 0, 0, 0, 0),
(488, 41, 42, 41, 15, 'L8', 0, 0, 0, 0, 0),
(489, 46, 48, 46, 15, 'L8', 0, 0, 0, 0, 0),
(490, 11, 41, 11, 15, 'LQ', 0, 0, 0, 0, 0),
(491, 46, 8, 46, 15, 'LQ', 0, 0, 0, 0, 0),
(492, 11, 46, 11, 15, 'LS', 0, 0, 0, 0, 0),
(493, 11, 57, 11, 15, 'LF', 0, 0, 0, 0, 0),
(494, 8, 14, 8, 16, 'W16', 0, 0, 0, 0, 0),
(495, 5, 70, 5, 16, 'W16', 0, 0, 0, 0, 0),
(496, 8, 69, 8, 16, 'WQ', 0, 0, 0, 0, 0),
(497, 57, 41, 57, 16, 'WQ', 0, 0, 0, 0, 0),
(498, 11, 5, 11, 16, 'WQ', 0, 0, 0, 0, 0),
(499, 42, 71, 42, 16, 'WQ', 0, 0, 0, 0, 0),
(500, 57, 8, 57, 16, 'WS', 0, 0, 0, 0, 0),
(501, 11, 42, 11, 16, 'WS', 0, 0, 0, 0, 0),
(502, 11, 57, 11, 16, 'WF', 0, 0, 0, 0, 0),
(503, 11, 57, 11, 16, 'GF', 0, 0, 0, 0, 0),
(504, 14, 71, 14, 16, 'L12', 0, 0, 0, 0, 0),
(505, 41, 70, 41, 16, 'L12', 0, 0, 0, 0, 0),
(506, 5, 14, 5, 16, 'L8', 0, 0, 0, 0, 0),
(507, 41, 69, 41, 16, 'L8', 0, 0, 0, 0, 0),
(508, 8, 5, 8, 16, 'LQ', 0, 0, 0, 0, 0),
(509, 41, 42, 41, 16, 'LQ', 0, 0, 0, 0, 0),
(510, 8, 41, 8, 16, 'LS', 0, 0, 0, 0, 0),
(511, 57, 8, 57, 16, 'LF', 0, 0, 0, 0, 0),
(512, 72, 73, 72, 17, 'BPWQ', 2000, 2000, 1, 2020, 1980),
(513, 48, 7, 48, 17, 'BPWQ', 2000, 2000, 1, 2020, 1980),
(514, 74, 49, 74, 17, 'BPWQ', 2000, 2000, 1, 2020, 1980),
(515, 1, 72, 1, 17, 'BPWS', 2000, 2020, 2, 2021, 1999),
(516, 48, 74, 48, 17, 'BPWS', 2020, 2020, 2, 2040, 2000),
(517, 1, 48, 1, 17, 'BPWF', 2021, 2040, 3, 2042, 2019),
(518, 7, 49, 7, 17, 'BPL8', 1980, 1980, 4, 2000, 1960),
(519, 74, 73, 74, 17, 'BPLQ', 2000, 1980, 5, 2019, 1961),
(520, 7, 72, 7, 17, 'BPLQ', 2000, 1999, 5, 2020, 1979),
(521, 7, 74, 7, 17, 'BPLS', 2020, 2019, 6, 2040, 1999),
(522, 48, 7, 48, 17, 'BPLF', 2019, 2040, 7, 2040, 2029),
(523, 40, 75, 40, 17, 'BPWQ', 2000, 2000, 8, 2020, 1980),
(524, 8, 76, 8, 17, 'BPWQ', 2000, 2000, 8, 2020, 1980),
(525, 43, 77, 43, 17, 'BPWQ', 2000, 2000, 8, 2020, 1980),
(526, 11, 40, 11, 17, 'BPWS', 2000, 2020, 9, 2021, 1999),
(527, 43, 8, 43, 17, 'BPWS', 2020, 2020, 9, 2040, 2000),
(528, 11, 43, 11, 17, 'BPWF', 2021, 2040, 10, 2042, 2019),
(529, 76, 77, 76, 17, 'BPL8', 1980, 1980, 11, 2000, 1960),
(530, 8, 75, 8, 17, 'BPLQ', 2000, 1980, 12, 2019, 1961),
(531, 40, 76, 40, 17, 'BPLQ', 1999, 2000, 12, 2019, 1980),
(532, 8, 40, 8, 17, 'BPLS', 2019, 2019, 13, 2039, 1999),
(533, 8, 43, 8, 17, 'BPLF', 2039, 2019, 14, 2048, 2000),
(534, 6, 78, 6, 17, 'BPWQ', 2000, 2000, 15, 2020, 1980),
(535, 27, 79, 27, 17, 'BPWQ', 2000, 2000, 15, 2020, 1980),
(536, 42, 80, 42, 17, 'BPWQ', 2000, 2000, 15, 2020, 1980),
(537, 56, 6, 56, 17, 'BPWS', 2000, 2020, 16, 2021, 1999),
(538, 27, 42, 27, 17, 'BPWS', 2020, 2020, 16, 2040, 2000),
(539, 27, 56, 27, 17, 'BPWF', 2040, 2021, 17, 2059, 2002),
(540, 79, 80, 79, 17, 'BPL8', 1980, 1980, 18, 2000, 1960),
(541, 42, 78, 42, 17, 'BPLQ', 2000, 1980, 19, 2019, 1961),
(542, 6, 79, 6, 17, 'BPLQ', 1999, 2000, 19, 2019, 1980),
(543, 42, 6, 42, 17, 'BPLS', 2019, 2019, 20, 2039, 1999),
(544, 56, 42, 56, 17, 'BPLF', 2002, 2039, 21, 2024, 2028),
(545, 57, 50, 57, 17, 'BPWQ', 2000, 2000, 22, 2020, 1980),
(546, 81, 82, 81, 17, 'BPWQ', 2000, 2000, 22, 2020, 1980),
(547, 41, 83, 41, 17, 'BPWQ', 2000, 2000, 22, 2020, 1980),
(548, 84, 85, 84, 17, 'BPWQ', 2000, 2000, 22, 2020, 1980),
(549, 57, 81, 57, 17, 'BPWS', 2020, 2020, 23, 2040, 2000),
(550, 41, 84, 41, 17, 'BPWS', 2020, 2020, 23, 2040, 2000),
(551, 57, 41, 57, 17, 'BPWF', 2040, 2040, 24, 2060, 2020),
(552, 50, 82, 50, 17, 'BPL8', 1980, 1980, 25, 2000, 1960),
(553, 85, 83, 85, 17, 'BPL8', 1980, 1980, 25, 2000, 1960),
(554, 50, 84, 50, 17, 'BPLQ', 2000, 2000, 26, 2020, 1980),
(555, 81, 85, 81, 17, 'BPLQ', 2000, 2000, 26, 2020, 1980),
(556, 50, 81, 50, 17, 'BPLS', 2020, 2020, 27, 2040, 2000),
(557, 41, 50, 41, 17, 'BPLF', 2020, 2040, 28, 2041, 2029),
(558, 1, 27, 1, 17, 'WS', 2042, 2059, 29, 2063, 2038),
(559, 11, 57, 11, 17, 'WS', 2042, 2060, 29, 2063, 2039),
(560, 1, 11, 1, 17, 'WF', 2063, 2063, 30, 2083, 2043),
(561, 27, 1, 27, 17, 'GF', 2068, 2083, 35, 2078, 2073),
(562, 1, 27, 1, 17, 'GF2', 2073, 2078, 36, 2083, 2068),
(563, 8, 48, 8, 17, 'L8', 2048, 2040, 31, 2058, 2030),
(564, 56, 41, 56, 17, 'L8', 2024, 2041, 31, 2045, 2031),
(565, 57, 8, 57, 17, 'LQ', 2039, 2058, 32, 2050, 2047),
(566, 27, 56, 27, 17, 'LQ', 2038, 2045, 32, 2048, 2035),
(567, 27, 57, 27, 17, 'LS', 2048, 2050, 33, 2058, 2040),
(568, 27, 11, 27, 17, 'LF', 2058, 2043, 34, 2068, 2033),
(569, 93, 86, 93, 18, 'BPWQ', 2000, 2000, 1, 2020, 1980),
(570, 93, 73, 93, 18, 'BPWS', 2020, 1961, 2, 2037, 1944),
(571, 42, 85, 42, 18, 'BPWS', 2028, 1980, 3, 2037, 1963),
(572, 42, 93, 42, 18, 'BPWF', 2037, 2037, 4, 2047, 2017),
(573, 85, 86, 85, 18, 'BPLQ', 1963, 1980, 5, 1973, 1959),
(574, 85, 73, 85, 18, 'BPLS', 1973, 1944, 6, 1982, 1926),
(575, 93, 85, 93, 18, 'BPLF', 2017, 1982, 7, 2035, 1973),
(576, 46, 88, 46, 18, 'BPWQ', 2000, 2000, 8, 2020, 1980),
(577, 11, 46, 11, 18, 'BPWS', 2033, 2020, 9, 2043, 2001),
(578, 49, 87, 49, 18, 'BPWS', 1960, 2000, 10, 1982, 1978),
(579, 11, 49, 11, 18, 'BPWF', 2043, 1982, 11, 2051, 1965),
(580, 88, 87, 88, 18, 'BPLQ', 1980, 1978, 12, 2000, 1958),
(581, 46, 88, 46, 18, 'BPLS', 2001, 2000, 13, 2021, 1980),
(582, 49, 46, 49, 18, 'BPLF', 1965, 2021, 14, 1977, 1998),
(583, 90, 89, 90, 18, 'BPWQ', 2000, 2000, 15, 2020, 1980),
(584, 94, 90, 94, 18, 'BPWS', 2000, 2020, 16, 2021, 1999),
(585, 7, 77, 7, 18, 'BPWS', 2029, 1960, 17, 2037, 1944),
(586, 7, 94, 7, 18, 'BPWF', 2037, 2021, 18, 2047, 2002),
(587, 77, 89, 77, 18, 'BPLQ', 1944, 1980, 19, 1966, 1958),
(588, 77, 90, 77, 18, 'BPLS', 1966, 1999, 20, 1977, 1977),
(589, 94, 77, 94, 18, 'BPLF', 2002, 1977, 21, 2021, 1968),
(590, 72, 74, 72, 18, 'BPWQ', 1979, 1999, 22, 2000, 1988),
(591, 72, 50, 72, 18, 'BPWS', 2000, 2029, 23, 2011, 2018),
(592, 48, 15, 48, 18, 'BPWS', 2030, 2000, 24, 2039, 1982),
(593, 48, 72, 48, 18, 'BPWF', 2039, 2011, 25, 2048, 2002),
(594, 74, 15, 74, 18, 'BPLQ', 1988, 1982, 26, 1998, 1962),
(595, 50, 74, 50, 18, 'BPLS', 2018, 1998, 27, 2027, 1989),
(596, 50, 72, 50, 18, 'BPLF', 2027, 2002, 28, 2036, 1993),
(597, 8, 95, 8, 18, 'BPWQ', 2047, 2000, 29, 2056, 1983),
(598, 8, 5, 8, 18, 'BPWS', 2056, 2000, 30, 2064, 1983),
(599, 79, 78, 79, 18, 'BPWS', 1980, 1961, 31, 1999, 1942),
(600, 8, 79, 8, 18, 'BPWF', 2064, 1999, 32, 2072, 1991),
(601, 95, 78, 95, 18, 'BPLQ', 1983, 1942, 33, 2001, 1924),
(602, 5, 95, 5, 18, 'BPLS', 1983, 2001, 34, 2004, 1980),
(603, 5, 79, 5, 18, 'BPLF', 2004, 1991, 35, 2023, 1981),
(604, 6, 96, 6, 18, 'BPWQ', 1999, 2000, 36, 2009, 1980),
(605, 6, 92, 6, 18, 'BPWS', 2009, 2000, 37, 2019, 1981),
(606, 27, 81, 27, 18, 'BPWS', 2068, 2000, 38, 2076, 1992),
(607, 27, 6, 27, 18, 'BPWF', 2076, 2019, 39, 2084, 2011),
(608, 96, 81, 96, 18, 'BPLQ', 1980, 1992, 40, 2001, 1982),
(609, 96, 92, 96, 18, 'BPLS', 2001, 1981, 41, 2020, 1962),
(610, 6, 96, 6, 18, 'BPLF', 2011, 2020, 42, 2021, 1999),
(611, 7, 48, 7, 18, 'WQ (Forfeit)', 2047, 2048, 43, 2057, 2038),
(612, 42, 8, 42, 18, 'WQ', 2047, 2072, 44, 2058, 2061),
(613, 27, 7, 27, 18, 'WS', 2084, 2057, 45, 2093, 2048),
(614, 11, 42, 11, 18, 'WS', 2051, 2058, 46, 2061, 2048),
(615, 27, 11, 27, 18, 'WF', 2093, 2061, 47, 2102, 2052),
(616, 27, 8, 27, 18, 'GF', 2102, 2106, 58, 2112, 2096),
(617, 8, 94, 8, 18, 'L12', 2061, 2021, 48, 2070, 2003),
(618, 50, 5, 50, 18, 'L12 (Forfeit)', 2036, 2023, 49, 2046, 2004),
(619, 93, 48, 93, 18, 'L12 (Forfeit)', 2035, 2038, 50, 2045, 2028),
(620, 49, 6, 49, 18, 'L12', 1977, 2021, 51, 1988, 2010),
(621, 8, 50, 8, 18, 'L8', 2070, 2046, 52, 2079, 2037),
(622, 49, 93, 49, 18, 'L8', 1988, 2045, 53, 2000, 2033),
(623, 8, 7, 8, 18, 'LQ', 2079, 2048, 54, 2088, 2039),
(624, 42, 49, 42, 18, 'LQ', 2048, 2000, 55, 2057, 1991),
(625, 8, 42, 8, 18, 'LS', 2088, 2057, 56, 2097, 2048),
(626, 8, 11, 8, 18, 'LF', 2097, 2052, 57, 2106, 2043),
(627, 104, 43, 43, 19, 'W1R', 0, 0, 1, 0, 0),
(628, 41, 6, 41, 19, 'W1R', 0, 0, 2, 0, 0),
(629, 48, 106, 48, 19, 'W1R', 0, 0, 3, 0, 0),
(630, 27, 86, 27, 19, 'W1R', 0, 0, 4, 0, 0),
(631, 83, 52, 52, 19, 'W1R', 0, 0, 5, 0, 0),
(632, 11, 74, 11, 19, 'W1R', 0, 0, 6, 0, 0),
(633, 85, 78, 85, 19, 'W1R', 0, 0, 7, 0, 0),
(634, 1, 43, 1, 19, 'WQ', 0, 0, 8, 0, 0),
(635, 41, 48, 41, 19, 'WQ', 0, 0, 9, 0, 0),
(636, 27, 52, 27, 19, 'WQ', 0, 0, 10, 0, 0),
(637, 11, 85, 11, 19, 'WQ', 0, 0, 11, 0, 0),
(638, 1, 41, 1, 19, 'WS', 0, 0, 12, 0, 0),
(639, 27, 11, 27, 19, 'WS', 0, 0, 13, 0, 0),
(640, 1, 27, 1, 19, 'WF', 0, 0, 14, 0, 0),
(641, 6, 106, 6, 19, 'L1R', 0, 0, 15, 0, 0),
(642, 86, 83, 86, 19, 'L1R', 0, 0, 16, 0, 0),
(643, 78, 74, 78, 19, 'L1R', 0, 0, 17, 0, 0),
(644, 85, 104, 85, 19, 'L12', 0, 0, 18, 0, 0),
(645, 52, 6, 52, 19, 'L12', 0, 0, 19, 0, 0),
(646, 48, 86, 48, 19, 'L12', 0, 0, 20, 0, 0),
(647, 43, 78, 78, 19, 'L12', 0, 0, 21, 0, 0),
(648, 85, 52, 85, 19, 'L8', 0, 0, 22, 0, 0),
(649, 48, 78, 48, 19, 'L8', 0, 0, 23, 0, 0),
(650, 41, 85, 41, 19, 'LQ', 0, 0, 24, 0, 0),
(651, 11, 48, 11, 19, 'LQ', 0, 0, 25, 0, 0),
(652, 41, 11, 41, 19, 'LS', 0, 0, 26, 0, 0),
(653, 27, 41, 41, 19, 'LF', 0, 0, 27, 0, 0),
(654, 1, 41, 1, 19, 'GF', 0, 0, 28, 0, 0),
(655, 108, 110, 108, 30, 'W1R', 0, 0, 1, 0, 0),
(656, 106, 109, 106, 30, 'W1R', 0, 0, 2, 0, 0),
(657, 1, 108, 1, 30, 'W16', 0, 0, 3, 0, 0),
(658, 52, 81, 52, 30, 'W16', 0, 0, 4, 0, 0),
(659, 11, 22, 11, 30, 'W16', 0, 0, 5, 0, 0),
(660, 42, 82, 42, 30, 'W16', 0, 0, 6, 0, 0),
(661, 27, 106, 27, 30, 'W16', 0, 0, 7, 0, 0),
(662, 78, 44, 44, 30, 'W16', 0, 0, 8, 0, 0),
(663, 8, 92, 8, 30, 'W16', 0, 0, 9, 0, 0),
(664, 7, 74, 7, 30, 'W16', 0, 0, 10, 0, 0),
(665, 1, 52, 1, 30, 'WQ', 0, 0, 11, 0, 0),
(666, 11, 42, 11, 30, 'WQ', 0, 0, 12, 0, 0),
(667, 27, 44, 27, 30, 'WQ', 0, 0, 13, 0, 0),
(668, 8, 7, 8, 30, 'WQ', 0, 0, 14, 0, 0),
(669, 1, 11, 1, 30, 'WS', 0, 0, 15, 0, 0),
(670, 27, 8, 27, 30, 'WS', 0, 0, 16, 0, 0),
(671, 1, 27, 1, 30, 'WF', 0, 0, 17, 0, 0),
(672, 74, 110, 74, 30, 'L1R', 0, 0, 18, 0, 0),
(673, 82, 109, 82, 30, 'L1R', 0, 0, 19, 0, 0),
(674, 92, 74, 74, 30, 'L16', 0, 0, 20, 0, 0),
(675, 78, 106, 78, 30, 'L16', 0, 0, 21, 0, 0),
(676, 22, 82, 22, 30, 'L16', 0, 0, 22, 0, 0),
(677, 81, 108, 81, 30, 'L16', 0, 0, 23, 0, 0),
(678, 42, 74, 42, 30, 'L12', 0, 0, 24, 0, 0),
(679, 52, 78, 52, 30, 'L12', 0, 0, 25, 0, 0),
(680, 7, 22, 7, 30, 'L12', 0, 0, 26, 0, 0),
(681, 44, 81, 44, 30, 'L12', 0, 0, 27, 0, 0),
(682, 42, 52, 42, 30, 'L8', 0, 0, 28, 0, 0),
(683, 7, 44, 7, 30, 'L8', 0, 0, 29, 0, 0),
(684, 8, 42, 8, 30, 'LQ', 0, 0, 30, 0, 0),
(685, 11, 7, 11, 30, 'LQ', 0, 0, 31, 0, 0),
(686, 8, 11, 11, 30, 'LS', 0, 0, 32, 0, 0),
(687, 27, 11, 11, 30, 'LF', 0, 0, 33, 0, 0),
(688, 1, 11, 1, 30, 'GF', 0, 0, 34, 0, 0),
(689, 11, 42, 11, 29, 'A', 0, 0, 1, 0, 0),
(690, 6, 78, 78, 29, 'B', 0, 0, 1, 0, 0),
(691, 7, 79, 7, 29, 'C', 0, 0, 1, 0, 0),
(692, 48, 96, 48, 29, 'D', 0, 0, 1, 0, 0),
(693, 90, 49, 49, 29, 'E', 0, 0, 1, 0, 0),
(694, 85, 50, 50, 29, 'F', 0, 0, 1, 0, 0),
(695, 78, 11, 11, 29, 'G', 0, 0, 2, 0, 0),
(696, 79, 42, 42, 29, 'H', 0, 0, 2, 0, 0),
(697, 96, 6, 6, 29, 'I', 0, 0, 2, 0, 0),
(698, 49, 7, 7, 29, 'J', 0, 0, 2, 0, 0),
(699, 50, 48, 48, 29, 'K', 0, 0, 2, 0, 0),
(700, 85, 90, 85, 29, 'L', 0, 0, 2, 0, 0),
(701, 11, 79, 11, 29, 'M', 0, 0, 3, 0, 0),
(702, 78, 96, 78, 29, 'N', 0, 0, 3, 0, 0),
(703, 42, 49, 42, 29, 'O', 0, 0, 3, 0, 0),
(704, 6, 50, 50, 29, 'P', 0, 0, 3, 0, 0),
(705, 7, 85, 7, 29, 'Q', 0, 0, 3, 0, 0),
(706, 48, 90, 48, 29, 'R', 0, 0, 3, 0, 0),
(707, 96, 11, 11, 29, 'S', 0, 0, 4, 0, 0),
(708, 49, 79, 49, 29, 'T', 0, 0, 4, 0, 0),
(709, 50, 78, 50, 29, 'U', 0, 0, 4, 0, 0),
(710, 85, 42, 42, 29, 'V', 0, 0, 4, 0, 0),
(711, 90, 6, 6, 29, 'W', 0, 0, 4, 0, 0),
(712, 48, 7, 48, 29, 'X', 0, 0, 4, 0, 0),
(713, 11, 49, 11, 29, 'Y', 0, 0, 5, 0, 0),
(714, 96, 50, 50, 29, 'Z', 0, 0, 5, 0, 0),
(715, 79, 85, 85, 29, 'AA', 0, 0, 5, 0, 0),
(716, 78, 90, 78, 29, 'AB', 0, 0, 5, 0, 0),
(717, 42, 48, 48, 29, 'AC', 0, 0, 5, 0, 0),
(718, 6, 7, 7, 29, 'AD', 0, 0, 5, 0, 0),
(719, 50, 11, 11, 29, 'AE', 0, 0, 6, 0, 0),
(720, 85, 49, 49, 29, 'AF', 0, 0, 6, 0, 0),
(721, 90, 96, 96, 29, 'AG', 0, 0, 6, 0, 0),
(722, 48, 79, 48, 29, 'AH', 0, 0, 6, 0, 0),
(723, 7, 78, 78, 29, 'AI', 0, 0, 6, 0, 0),
(724, 6, 42, 42, 29, 'AJ', 0, 0, 6, 0, 0),
(725, 11, 85, 11, 29, 'AK', 0, 0, 7, 0, 0),
(726, 50, 90, 50, 29, 'AL', 0, 0, 7, 0, 0),
(727, 49, 48, 48, 29, 'AM', 0, 0, 7, 0, 0),
(728, 96, 7, 7, 29, 'AN', 0, 0, 7, 0, 0),
(729, 79, 6, 6, 29, 'AO', 0, 0, 7, 0, 0),
(730, 78, 42, 42, 29, 'AP', 0, 0, 7, 0, 0),
(731, 90, 11, 11, 29, 'AQ', 0, 0, 8, 0, 0),
(732, 48, 85, 48, 29, 'AR', 0, 0, 8, 0, 0),
(733, 7, 50, 7, 29, 'AS', 0, 0, 8, 0, 0),
(734, 6, 49, 49, 29, 'AT', 0, 0, 8, 0, 0),
(735, 42, 96, 42, 29, 'AU', 0, 0, 8, 0, 0),
(736, 78, 79, 78, 29, 'AV', 0, 0, 8, 0, 0),
(737, 11, 48, 11, 29, 'AW', 0, 0, 9, 0, 0),
(738, 90, 7, 7, 29, 'AX', 0, 0, 9, 0, 0),
(739, 85, 6, 85, 29, 'AY', 0, 0, 9, 0, 0),
(740, 50, 42, 42, 29, 'AZ', 0, 0, 9, 0, 0),
(741, 49, 78, 78, 29, 'BA', 0, 0, 9, 0, 0),
(742, 96, 79, 79, 29, 'BB', 0, 0, 9, 0, 0),
(743, 7, 11, 11, 29, 'BC', 0, 0, 10, 0, 0),
(744, 6, 48, 48, 29, 'BD', 0, 0, 10, 0, 0),
(745, 42, 90, 42, 29, 'BE', 0, 0, 10, 0, 0),
(746, 78, 85, 78, 29, 'BF', 0, 0, 10, 0, 0),
(747, 79, 50, 79, 29, 'BG', 0, 0, 10, 0, 0),
(748, 96, 49, 49, 29, 'BH', 0, 0, 10, 0, 0),
(749, 11, 6, 11, 29, 'BI', 0, 0, 11, 0, 0),
(750, 7, 42, 7, 29, 'BJ', 0, 0, 11, 0, 0),
(751, 48, 78, 48, 29, 'BK', 0, 0, 11, 0, 0),
(752, 90, 79, 90, 29, 'BL', 0, 0, 11, 0, 0),
(753, 85, 96, 85, 29, 'BM', 0, 0, 11, 0, 0),
(754, 50, 49, 49, 29, 'BN', 0, 0, 11, 0, 0),
(755, 87, 14, 14, 31, 'A', 0, 0, 1, 0, 0),
(756, 42, 112, 42, 31, 'B', 0, 0, 1, 0, 0),
(757, 46, 111, 46, 31, 'C', 0, 0, 1, 0, 0),
(758, 78, 79, 79, 31, 'D', 0, 0, 1, 0, 0),
(759, 11, 113, 11, 31, 'E', 0, 0, 1, 0, 0),
(760, 85, 92, 85, 31, 'F', 0, 0, 1, 0, 0),
(761, 1, 14, 1, 31, 'G', 0, 0, 2, 0, 0),
(762, 42, 46, 42, 31, 'H', 0, 0, 2, 0, 0),
(763, 8, 79, 8, 31, 'I', 0, 0, 2, 0, 0),
(764, 11, 85, 11, 31, 'J', 0, 0, 2, 0, 0),
(765, 1, 42, 1, 31, 'K', 0, 0, 3, 0, 0),
(766, 8, 11, 11, 31, 'L', 0, 0, 3, 0, 0),
(767, 1, 11, 11, 31, 'M', 0, 0, 4, 0, 0),
(768, 112, 111, 111, 31, 'P', 0, 0, -1, 0, 0),
(769, 113, 92, 92, 31, 'Q', 0, 0, -1, 0, 0),
(770, 85, 87, 85, 31, 'R', 0, 0, -2, 0, 0),
(771, 79, 111, 79, 31, 'S', 0, 0, -2, 0, 0),
(772, 46, 78, 46, 31, 'T', 0, 0, -2, 0, 0),
(773, 14, 92, 14, 31, 'U', 0, 0, -2, 0, 0),
(774, 85, 79, 85, 31, 'V', 0, 0, -3, 0, 0),
(775, 46, 14, 46, 31, 'W', 0, 0, -3, 0, 0),
(776, 42, 85, 42, 31, 'X', 0, 0, -4, 0, 0),
(777, 8, 46, 8, 31, 'Y', 0, 0, -4, 0, 0),
(778, 42, 8, 42, 31, 'Z', 0, 0, -5, 0, 0),
(779, 1, 42, 1, 31, 'AA', 0, 0, -6, 0, 0),
(780, 11, 1, 11, 31, 'N', 0, 0, 5, 0, 0),
(781, 115, 98, 98, 33, 'A', 0, 0, 1, 0, 0),
(782, 99, 100, 99, 33, 'B', 0, 0, 1, 0, 0),
(783, 103, 114, 103, 33, 'C', 0, 0, 1, 0, 0),
(784, 116, 97, 97, 33, 'D', 0, 0, 1, 0, 0),
(785, 98, 99, 98, 33, 'E', 0, 0, 2, 0, 0),
(786, 103, 97, 103, 33, 'F', 0, 0, 2, 0, 0),
(787, 98, 103, 103, 33, 'G', 0, 0, 3, 0, 0),
(788, 115, 100, 100, 33, 'J', 0, 0, -1, 0, 0),
(789, 114, 116, 114, 33, 'K', 0, 0, -1, 0, 0),
(790, 97, 100, 100, 33, 'L', 0, 0, -2, 0, 0),
(791, 99, 114, 114, 33, 'M', 0, 0, -2, 0, 0),
(792, 100, 114, 114, 33, 'N', 0, 0, -3, 0, 0),
(793, 98, 114, 98, 33, 'O', 0, 0, -4, 0, 0),
(794, 103, 98, 103, 33, 'H', 0, 0, 4, 0, 0),
(795, 116, 103, 103, 34, 'A', 0, 0, 1, 0, 0),
(796, 99, 117, 99, 34, 'B', 0, 0, 1, 0, 0),
(797, 115, 102, 102, 34, 'C', 0, 0, 1, 0, 0),
(798, 97, 118, 97, 34, 'D', 0, 0, 1, 0, 0),
(799, 100, 103, 103, 34, 'E', 0, 0, 2, 0, 0),
(800, 101, 99, 101, 34, 'F', 0, 0, 2, 0, 0),
(801, 98, 102, 98, 34, 'G', 0, 0, 2, 0, 0),
(802, 114, 97, 114, 34, 'H', 0, 0, 2, 0, 0),
(803, 103, 101, 103, 34, 'I', 0, 0, 3, 0, 0),
(804, 98, 114, 98, 34, 'J', 0, 0, 3, 0, 0),
(805, 103, 98, 98, 34, 'K', 0, 0, 4, 0, 0),
(806, 97, 116, 116, 34, 'N', 0, 0, -1, 0, 0),
(807, 102, 117, 117, 34, 'O', 0, 0, -1, 0, 0),
(808, 99, 115, 115, 34, 'P', 0, 0, -1, 0, 0),
(809, 100, 118, 100, 34, 'Q', 0, 0, -1, 0, 0),
(810, 116, 117, 117, 34, 'R', 0, 0, -2, 0, 0),
(811, 115, 100, 100, 34, 'S', 0, 0, -2, 0, 0),
(812, 101, 117, 101, 34, 'T', 0, 0, -3, 0, 0),
(813, 114, 100, 100, 34, 'U', 0, 0, -3, 0, 0),
(814, 101, 100, 101, 34, 'V', 0, 0, -4, 0, 0),
(815, 103, 101, 101, 34, 'W', 0, 0, -5, 0, 0),
(816, 98, 101, 98, 34, 'L', 0, 0, 5, 0, 0),
(817, 120, 95, 95, 36, 'A', 0, 0, 1, 0, 0),
(818, 43, 78, 43, 36, 'B', 0, 0, 1, 0, 0),
(819, 52, 86, 52, 36, 'C', 0, 0, 1, 0, 0),
(820, 27, 119, 27, 36, 'D', 0, 0, 1, 0, 0),
(821, 85, 106, 85, 36, 'E', 0, 0, 1, 0, 0),
(822, 42, 79, 42, 36, 'F', 0, 0, 1, 0, 0),
(823, 44, 74, 44, 36, 'G', 0, 0, 1, 0, 0),
(824, 1, 95, 1, 36, 'H', 0, 0, 2, 0, 0),
(825, 43, 52, 43, 36, 'I', 0, 0, 2, 0, 0),
(826, 27, 85, 27, 36, 'J', 0, 0, 2, 0, 0),
(827, 42, 44, 42, 36, 'K', 0, 0, 2, 0, 0),
(828, 1, 43, 1, 36, 'L', 0, 0, 3, 0, 0),
(829, 27, 42, 27, 36, 'M', 0, 0, 3, 0, 0),
(830, 1, 27, 1, 36, 'N', 0, 0, 4, 0, 0),
(831, 78, 86, 78, 36, 'Q', 0, 0, -1, 0, 0),
(832, 119, 106, 106, 36, 'R', 0, 0, -1, 0, 0),
(833, 79, 74, 79, 36, 'S', 0, 0, -1, 0, 0),
(834, 44, 120, 44, 36, 'T', 0, 0, -2, 0, 0),
(835, 85, 78, 85, 36, 'U', 0, 0, -2, 0, 0),
(836, 52, 106, 52, 36, 'V', 0, 0, -2, 0, 0),
(837, 95, 79, 79, 36, 'W', 0, 0, -2, 0, 0),
(838, 44, 85, 44, 36, 'X', 0, 0, -3, 0, 0),
(839, 52, 79, 52, 36, 'Y', 0, 0, -3, 0, 0),
(840, 43, 44, 43, 36, 'Z', 0, 0, -4, 0, 0),
(841, 42, 52, 52, 36, 'AA', 0, 0, -4, 0, 0),
(842, 43, 52, 43, 36, 'AB', 0, 0, -5, 0, 0),
(843, 27, 43, 27, 36, 'AC', 0, 0, -6, 0, 0),
(844, 1, 27, 1, 36, 'O', 0, 0, 5, 0, 0);

-- --------------------------------------------------------

--
-- Estructura de tabla para la tabla `rights`
--

CREATE TABLE IF NOT EXISTS `rights` (
  `itemname` varchar(64) COLLATE utf8_spanish2_ci NOT NULL,
  `type` int(11) NOT NULL,
  `weight` int(11) NOT NULL
) ENGINE=MyISAM DEFAULT CHARSET=utf8 COLLATE=utf8_spanish2_ci;

-- --------------------------------------------------------

--
-- Estructura de tabla para la tabla `torneo`
--

CREATE TABLE IF NOT EXISTS `torneo` (
`id` int(11) NOT NULL,
  `nombre` varchar(50) COLLATE utf8_spanish2_ci NOT NULL,
  `id_estado` int(11) NOT NULL,
  `fecha` date NOT NULL
) ENGINE=InnoDB  DEFAULT CHARSET=utf8 COLLATE=utf8_spanish2_ci AUTO_INCREMENT=38 ;

--
-- Volcado de datos para la tabla `torneo`
--

INSERT INTO `torneo` (`id`, `nombre`, `id_estado`, `fecha`) VALUES
(1, 'Casa de Wari', 3, '2008-12-20'),
(2, 'M-eleement V.1', 1, '2009-03-14'),
(3, 'Wu Biweeklie I: Socialist Edition', 2, '2010-05-30'),
(4, 'Torneo Generación', 4, '2012-04-28'),
(5, 'Torneo Revolución', 3, '2012-07-28'),
(6, 'Peluchitos Fighting Tournament', 4, '2012-08-04'),
(7, 'Challenge Accepted Tournament', 3, '2013-01-19'),
(8, 'Back To Life Tournament', 3, '2013-03-01'),
(9, 'No Feelings Tournament', 2, '2013-05-04'),
(10, 'Definetively Tournament', 3, '2013-06-29'),
(11, 'No Feelings 2', 2, '2013-10-19'),
(12, 'YEP Tournament', 3, '2014-01-18'),
(13, 'Fuck Your Rank Edwin Monthlie #1', 1, '2014-06-07'),
(14, 'R&C Monthlie #1', 3, '2014-07-05'),
(15, 'R&C Monthlie #2', 3, '2014-08-02'),
(16, 'R&C Monthlie #3', 3, '2014-09-06'),
(17, '5to Torneo Nacional', 2, '2015-02-21'),
(18, 'La Caída del Top 8', 4, '2015-08-01'),
(19, 'The Controller EP1', 6, '2015-09-12'),
(20, 'Cyber La Familia', 1, '2007-02-24'),
(21, 'Festivam 6.7', 1, '2007-06-16'),
(22, 'Festivam 11.7 Evolution', 1, '2007-11-25'),
(23, 'Pokemon Venezuela', 2, '2008-01-19'),
(24, 'Sambil Maracaibo', 1, '2008-05-24'),
(25, 'Shin Osecon 2', 2, '2008-08-15'),
(26, 'World Cyber Games Venezuela', 1, '2009-09-12'),
(27, 'Bring The Hype Tournament', 1, '2014-01-25'),
(28, 'Fuck Your Rank Edwin Monthlie #2', 1, '2014-07-19'),
(29, 'Casa de Chap', 3, '2015-05-23'),
(30, 'Tournament Mode 1ra. Edición', 2, '2015-10-10'),
(31, 'R&C Monthlie #5', 3, '2015-10-11'),
(32, 'Regional Mérida', 8, '2015-09-18'),
(33, 'Fair Win', 10, '2015-10-16'),
(34, 'JPHG #2', 10, '2015-11-27'),
(35, 'Frame Of Mind', 2, '2015-12-12'),
(36, 'The Controller EP2', 6, '2015-11-21'),
(37, 'GXP', 4, '2015-09-12');

-- --------------------------------------------------------

--
-- Estructura de tabla para la tabla `torneo_imagen`
--

CREATE TABLE IF NOT EXISTS `torneo_imagen` (
`id` int(11) NOT NULL,
  `id_torneo` int(11) NOT NULL,
  `descripcion` varchar(200) COLLATE utf8_spanish2_ci NOT NULL,
  `imagen` text COLLATE utf8_spanish2_ci NOT NULL
) ENGINE=InnoDB  DEFAULT CHARSET=utf8 COLLATE=utf8_spanish2_ci AUTO_INCREMENT=36 ;

--
-- Volcado de datos para la tabla `torneo_imagen`
--

INSERT INTO `torneo_imagen` (`id`, `id_torneo`, `descripcion`, `imagen`) VALUES
(1, 17, 'Bracket Pools 1', '2015-02-21-5toTorneoNacionalPool1.png'),
(2, 17, 'Bracket Pools 2', '2015-02-21-5toTorneoNacionalPool2.png'),
(3, 17, 'Bracket Pools 3', '2015-02-21-5toTorneoNacionalPool3.png'),
(4, 17, 'Bracket Pools 4', '2015-02-21-5toTorneoNacionalPool4.png'),
(5, 17, 'Bracket Top 8', '2015-02-21-5toTorneoNacionalTop8.png'),
(6, 8, 'Singles Bracket', '2013-03-01-BackToLifeTournament.png'),
(7, 1, 'Singles Bracket', '2008-12-20-CasaDeWari.png'),
(8, 7, 'Singles Bracket', '2013-01-19-ChallengeAcceptedTournament.jpg'),
(9, 10, 'Singles Bracket', '2013-06-29-DefinetivelyTournament.jpg'),
(10, 13, 'Singles Bracket', '2014-06-07-FuckYourRankEdwinMonthlie1.png'),
(11, 18, 'Bracket Pools', '2015-08-01-LaCaidaDelTop8Pools.png'),
(12, 18, 'Bracket Top 12', '2015-08-01-LaCaidaDelTop8Top12.png'),
(13, 2, 'Singles Bracket', '2009-04-14-M-eleementV1.png'),
(14, 11, 'Singles Bracket', '2013-10-19-NoFeelings2.png'),
(15, 9, 'Round Robin', '2013-05-04-NoFeelingsTournament.png'),
(16, 6, 'Singles Bracket', '2012-08-4-PeluchitosFighting.jpg'),
(17, 14, 'Pool', '2014-07-05-R&CMonthlie1Pools.jpg'),
(18, 14, 'Singles Bracket', '2014-07-05-R&CMonthlie1.jpg'),
(19, 15, 'Singles Bracket', '2014-08-02-R&CMonthlie2.png'),
(20, 16, 'Singles Bracket', '2014-09-06-R&CMonthlie3.png'),
(21, 4, 'Singles Bracket', '2012-04-28-TorneoGeneracion.jpg'),
(22, 5, 'Pool', '2012-07-28-Torneo Revolucion-Liga.jpg'),
(23, 5, 'Singles Bracket', '2012-07-28-Torneo Revolucion.jpg'),
(24, 3, 'Singles Bracket', '2010-05-30-Wu BiweeklieISocialistEdition.gif'),
(25, 12, 'Singles Bracket', '2014-01-18-YepTournament.jpg'),
(26, 19, 'Singles Bracket', '2015-09-12-TheControllerEp1.jpg'),
(27, 29, 'Pool', '2015-05-23-CasaDeChap.jpg'),
(28, 32, 'Singles Bracket', '2015-09-18-RegionalMerida.jpg'),
(29, 30, 'Singles Bracket', '2015-10-10-Tournament Mode1eraEdicion.png'),
(30, 31, 'Singles Bracket', '2015-10-11-RyC5.png'),
(31, 33, 'Singles Bracket', '2015-10-16-FairWin.png'),
(32, 34, 'Singles Bracket', '2015-11-27-JPHG2.png'),
(33, 35, 'Grupos', '2015-12-12-FrameOfMind-Groups.png'),
(34, 35, 'Bracket Top 12', '2015-12-12-FrameOfMind-Top12.png'),
(35, 36, 'Singles Bracket', '2015-11-21-TheControllerEP2.png');

-- --------------------------------------------------------

--
-- Estructura de tabla para la tabla `user`
--

CREATE TABLE IF NOT EXISTS `user` (
`id` int(11) NOT NULL,
  `username` varchar(20) NOT NULL,
  `password` varchar(128) NOT NULL,
  `email` varchar(128) NOT NULL,
  `create_at` timestamp NOT NULL DEFAULT CURRENT_TIMESTAMP,
  `lastvisit_at` timestamp NOT NULL DEFAULT '0000-00-00 00:00:00',
  `status` int(1) NOT NULL DEFAULT '0',
  `photo` varchar(100) DEFAULT NULL,
  `cedula` varchar(20) NOT NULL
) ENGINE=InnoDB  DEFAULT CHARSET=utf8 AUTO_INCREMENT=2 ;

--
-- Volcado de datos para la tabla `user`
--

INSERT INTO `user` (`id`, `username`, `password`, `email`, `create_at`, `lastvisit_at`, `status`, `photo`, `cedula`) VALUES
(1, 'Administrador', '434d711276d2ed2068e7a02499fac15c', 'webmaster1@exam3ple.com', '2012-07-11 15:24:28', '2015-12-25 01:09:57', 1, '', '99999999');

--
-- Índices para tablas volcadas
--

--
-- Indices de la tabla `authassignment`
--
ALTER TABLE `authassignment`
 ADD PRIMARY KEY (`itemname`,`userid`);

--
-- Indices de la tabla `authitem`
--
ALTER TABLE `authitem`
 ADD PRIMARY KEY (`name`);

--
-- Indices de la tabla `authitemchild`
--
ALTER TABLE `authitemchild`
 ADD PRIMARY KEY (`parent`,`child`), ADD KEY `child` (`child`);

--
-- Indices de la tabla `estado`
--
ALTER TABLE `estado`
 ADD PRIMARY KEY (`id`), ADD KEY `id_pais` (`id_pais`);

--
-- Indices de la tabla `jugador`
--
ALTER TABLE `jugador`
 ADD PRIMARY KEY (`id`), ADD KEY `id_estado` (`id_estado`);

--
-- Indices de la tabla `jugador_personaje`
--
ALTER TABLE `jugador_personaje`
 ADD PRIMARY KEY (`id`), ADD KEY `id_jugador` (`id_jugador`), ADD KEY `id_personaje` (`id_personaje`);

--
-- Indices de la tabla `jugador_posicion_torneo`
--
ALTER TABLE `jugador_posicion_torneo`
 ADD PRIMARY KEY (`id`), ADD KEY `id_jugador` (`id_jugador`), ADD KEY `id_torneo` (`id_torneo`);

--
-- Indices de la tabla `jugador_rank_temp`
--
ALTER TABLE `jugador_rank_temp`
 ADD PRIMARY KEY (`id`), ADD KEY `id_jugador` (`id_jugador`);

--
-- Indices de la tabla `jugador_ranking`
--
ALTER TABLE `jugador_ranking`
 ADD PRIMARY KEY (`id`), ADD KEY `id_jugador` (`id_jugador`);

--
-- Indices de la tabla `pais`
--
ALTER TABLE `pais`
 ADD PRIMARY KEY (`id`);

--
-- Indices de la tabla `personaje`
--
ALTER TABLE `personaje`
 ADD PRIMARY KEY (`id`);

--
-- Indices de la tabla `pvp_set`
--
ALTER TABLE `pvp_set`
 ADD PRIMARY KEY (`id`), ADD KEY `id_jugador_1` (`id_jugador_1`), ADD KEY `id_jugador_2` (`id_jugador_2`), ADD KEY `id_jugador_ganador` (`id_jugador_ganador`), ADD KEY `id_torneo` (`id_torneo`);

--
-- Indices de la tabla `rights`
--
ALTER TABLE `rights`
 ADD PRIMARY KEY (`itemname`);

--
-- Indices de la tabla `torneo`
--
ALTER TABLE `torneo`
 ADD PRIMARY KEY (`id`), ADD KEY `id_estado` (`id_estado`);

--
-- Indices de la tabla `torneo_imagen`
--
ALTER TABLE `torneo_imagen`
 ADD PRIMARY KEY (`id`), ADD KEY `id_torneo` (`id_torneo`);

--
-- Indices de la tabla `user`
--
ALTER TABLE `user`
 ADD PRIMARY KEY (`id`);

--
-- AUTO_INCREMENT de las tablas volcadas
--

--
-- AUTO_INCREMENT de la tabla `estado`
--
ALTER TABLE `estado`
MODIFY `id` int(11) NOT NULL AUTO_INCREMENT,AUTO_INCREMENT=11;
--
-- AUTO_INCREMENT de la tabla `jugador`
--
ALTER TABLE `jugador`
MODIFY `id` int(11) NOT NULL AUTO_INCREMENT,AUTO_INCREMENT=121;
--
-- AUTO_INCREMENT de la tabla `jugador_personaje`
--
ALTER TABLE `jugador_personaje`
MODIFY `id` int(11) NOT NULL AUTO_INCREMENT,AUTO_INCREMENT=162;
--
-- AUTO_INCREMENT de la tabla `jugador_posicion_torneo`
--
ALTER TABLE `jugador_posicion_torneo`
MODIFY `id` int(11) NOT NULL AUTO_INCREMENT,AUTO_INCREMENT=414;
--
-- AUTO_INCREMENT de la tabla `jugador_rank_temp`
--
ALTER TABLE `jugador_rank_temp`
MODIFY `id` int(11) NOT NULL AUTO_INCREMENT,AUTO_INCREMENT=231;
--
-- AUTO_INCREMENT de la tabla `jugador_ranking`
--
ALTER TABLE `jugador_ranking`
MODIFY `id` int(11) NOT NULL AUTO_INCREMENT,AUTO_INCREMENT=72;
--
-- AUTO_INCREMENT de la tabla `pais`
--
ALTER TABLE `pais`
MODIFY `id` int(11) NOT NULL AUTO_INCREMENT,AUTO_INCREMENT=7;
--
-- AUTO_INCREMENT de la tabla `personaje`
--
ALTER TABLE `personaje`
MODIFY `id` int(11) NOT NULL AUTO_INCREMENT,AUTO_INCREMENT=27;
--
-- AUTO_INCREMENT de la tabla `pvp_set`
--
ALTER TABLE `pvp_set`
MODIFY `id` int(11) NOT NULL AUTO_INCREMENT,AUTO_INCREMENT=845;
--
-- AUTO_INCREMENT de la tabla `torneo`
--
ALTER TABLE `torneo`
MODIFY `id` int(11) NOT NULL AUTO_INCREMENT,AUTO_INCREMENT=38;
--
-- AUTO_INCREMENT de la tabla `torneo_imagen`
--
ALTER TABLE `torneo_imagen`
MODIFY `id` int(11) NOT NULL AUTO_INCREMENT,AUTO_INCREMENT=36;
--
-- AUTO_INCREMENT de la tabla `user`
--
ALTER TABLE `user`
MODIFY `id` int(11) NOT NULL AUTO_INCREMENT,AUTO_INCREMENT=2;
--
-- Restricciones para tablas volcadas
--

--
-- Filtros para la tabla `estado`
--
ALTER TABLE `estado`
ADD CONSTRAINT `estado_ibfk_1` FOREIGN KEY (`id_pais`) REFERENCES `pais` (`id`) ON DELETE NO ACTION ON UPDATE NO ACTION;

--
-- Filtros para la tabla `jugador`
--
ALTER TABLE `jugador`
ADD CONSTRAINT `jugador_ibfk_1` FOREIGN KEY (`id_estado`) REFERENCES `estado` (`id`) ON DELETE NO ACTION ON UPDATE NO ACTION;

--
-- Filtros para la tabla `jugador_personaje`
--
ALTER TABLE `jugador_personaje`
ADD CONSTRAINT `jugador_personaje_ibfk_1` FOREIGN KEY (`id_jugador`) REFERENCES `jugador` (`id`) ON DELETE NO ACTION ON UPDATE NO ACTION,
ADD CONSTRAINT `jugador_personaje_ibfk_2` FOREIGN KEY (`id_personaje`) REFERENCES `personaje` (`id`) ON DELETE NO ACTION ON UPDATE NO ACTION;

--
-- Filtros para la tabla `jugador_posicion_torneo`
--
ALTER TABLE `jugador_posicion_torneo`
ADD CONSTRAINT `jugador_posicion_torneo_ibfk_1` FOREIGN KEY (`id_jugador`) REFERENCES `jugador` (`id`) ON DELETE NO ACTION ON UPDATE NO ACTION,
ADD CONSTRAINT `jugador_posicion_torneo_ibfk_2` FOREIGN KEY (`id_torneo`) REFERENCES `torneo` (`id`) ON DELETE NO ACTION ON UPDATE NO ACTION;

--
-- Filtros para la tabla `jugador_rank_temp`
--
ALTER TABLE `jugador_rank_temp`
ADD CONSTRAINT `jugador_rank_temp_ibfk_1` FOREIGN KEY (`id_jugador`) REFERENCES `jugador` (`id`) ON DELETE NO ACTION ON UPDATE NO ACTION;

--
-- Filtros para la tabla `jugador_ranking`
--
ALTER TABLE `jugador_ranking`
ADD CONSTRAINT `jugador_ranking_ibfk_1` FOREIGN KEY (`id_jugador`) REFERENCES `jugador` (`id`) ON DELETE NO ACTION ON UPDATE NO ACTION;

--
-- Filtros para la tabla `pvp_set`
--
ALTER TABLE `pvp_set`
ADD CONSTRAINT `pvp_set_ibfk_1` FOREIGN KEY (`id_jugador_1`) REFERENCES `jugador` (`id`) ON DELETE NO ACTION ON UPDATE NO ACTION,
ADD CONSTRAINT `pvp_set_ibfk_2` FOREIGN KEY (`id_jugador_2`) REFERENCES `jugador` (`id`) ON DELETE NO ACTION ON UPDATE NO ACTION,
ADD CONSTRAINT `pvp_set_ibfk_3` FOREIGN KEY (`id_jugador_ganador`) REFERENCES `jugador` (`id`) ON DELETE NO ACTION ON UPDATE NO ACTION,
ADD CONSTRAINT `pvp_set_ibfk_4` FOREIGN KEY (`id_torneo`) REFERENCES `torneo` (`id`) ON DELETE NO ACTION ON UPDATE NO ACTION;

--
-- Filtros para la tabla `torneo`
--
ALTER TABLE `torneo`
ADD CONSTRAINT `torneo_ibfk_1` FOREIGN KEY (`id_estado`) REFERENCES `estado` (`id`) ON DELETE NO ACTION ON UPDATE NO ACTION;

--
-- Filtros para la tabla `torneo_imagen`
--
ALTER TABLE `torneo_imagen`
ADD CONSTRAINT `torneo_imagen_ibfk_1` FOREIGN KEY (`id_torneo`) REFERENCES `torneo` (`id`) ON DELETE NO ACTION ON UPDATE NO ACTION;

/*!40101 SET CHARACTER_SET_CLIENT=@OLD_CHARACTER_SET_CLIENT */;
/*!40101 SET CHARACTER_SET_RESULTS=@OLD_CHARACTER_SET_RESULTS */;
/*!40101 SET COLLATION_CONNECTION=@OLD_COLLATION_CONNECTION */;
